"filename", "language", "Markdown", "Shell Script", "JSON", "TypeScript", "YAML", "JSON with Comments", "JavaScript", "pip requirements", "XML", "Python", "HTML", "TypeScript JSX", "MS SQL", "CSS", "Batch", "PowerShell", "comment", "blank", "total"
"c:\Users\omnora\OneDrive\Desktop\new_system\.github\workflows\deploy-cloudflare.yml", "YAML", 0, 0, 0, 0, 70, 0, 0, 0, 0, 0, 0, 0, 0, 0, 0, 0, 5, 13, 88
"c:\Users\omnora\OneDrive\Desktop\new_system\DEPLOY.md", "Markdown", 45, 0, 0, 0, 0, 0, 0, 0, 0, 0, 0, 0, 0, 0, 0, 0, 0, 22, 67
"c:\Users\omnora\OneDrive\Desktop\new_system\README.md", "Markdown", 55, 0, 0, 0, 0, 0, 0, 0, 0, 0, 0, 0, 0, 0, 0, 0, 0, 30, 85
"c:\Users\omnora\OneDrive\Desktop\new_system\build.sh", "Shell Script", 0, 12, 0, 0, 0, 0, 0, 0, 0, 0, 0, 0, 0, 0, 0, 0, 2, 1, 15
"c:\Users\omnora\OneDrive\Desktop\new_system\omnora-prime-v13\.agents\skills\react-doctor\SKILL.md", "Markdown", 31, 0, 0, 0, 0, 0, 0, 0, 0, 0, 0, 0, 0, 0, 0, 0, 0, 16, 47
"c:\Users\omnora\OneDrive\Desktop\new_system\omnora-prime-v13\.agents\skills\supabase-postgres-best-practices\SKILL.md", "Markdown", 52, 0, 0, 0, 0, 0, 0, 0, 0, 0, 0, 0, 0, 0, 0, 0, 0, 13, 65
"c:\Users\omnora\OneDrive\Desktop\new_system\omnora-prime-v13\.agents\skills\supabase-postgres-best-practices\references\_contributing.md", "Markdown", 118, 0, 0, 0, 0, 0, 0, 0, 0, 0, 0, 0, 0, 0, 0, 0, 0, 53, 171
"c:\Users\omnora\OneDrive\Desktop\new_system\omnora-prime-v13\.agents\skills\supabase-postgres-best-practices\references\_sections.md", "Markdown", 28, 0, 0, 0, 0, 0, 0, 0, 0, 0, 0, 0, 0, 0, 0, 0, 0, 12, 40
"c:\Users\omnora\OneDrive\Desktop\new_system\omnora-prime-v13\.agents\skills\supabase-postgres-best-practices\references\_template.md", "Markdown", 24, 0, 0, 0, 0, 0, 0, 0, 0, 0, 0, 0, 0, 0, 0, 0, 0, 11, 35
"c:\Users\omnora\OneDrive\Desktop\new_system\omnora-prime-v13\.agents\skills\supabase-postgres-best-practices\references\advanced-full-text-search.md", "Markdown", 40, 0, 0, 0, 0, 0, 0, 0, 0, 0, 0, 0, 0, 0, 0, 0, 0, 16, 56
"c:\Users\omnora\OneDrive\Desktop\new_system\omnora-prime-v13\.agents\skills\supabase-postgres-best-practices\references\advanced-jsonb-indexing.md", "Markdown", 36, 0, 0, 0, 0, 0, 0, 0, 0, 0, 0, 0, 0, 0, 0, 0, 0, 14, 50
"c:\Users\omnora\OneDrive\Desktop\new_system\omnora-prime-v13\.agents\skills\supabase-postgres-best-practices\references\conn-idle-timeout.md", "Markdown", 34, 0, 0, 0, 0, 0, 0, 0, 0, 0, 0, 0, 0, 0, 0, 0, 0, 13, 47
"c:\Users\omnora\OneDrive\Desktop\new_system\omnora-prime-v13\.agents\skills\supabase-postgres-best-practices\references\conn-limits.md", "Markdown", 32, 0, 0, 0, 0, 0, 0, 0, 0, 0, 0, 0, 0, 0, 0, 0, 0, 13, 45
"c:\Users\omnora\OneDrive\Desktop\new_system\omnora-prime-v13\.agents\skills\supabase-postgres-best-practices\references\conn-pooling.md", "Markdown", 29, 0, 0, 0, 0, 0, 0, 0, 0, 0, 0, 0, 0, 0, 0, 0, 0, 13, 42
"c:\Users\omnora\OneDrive\Desktop\new_system\omnora-prime-v13\.agents\skills\supabase-postgres-best-practices\references\conn-prepared-statements.md", "Markdown", 34, 0, 0, 0, 0, 0, 0, 0, 0, 0, 0, 0, 0, 0, 0, 0, 0, 13, 47
"c:\Users\omnora\OneDrive\Desktop\new_system\omnora-prime-v13\.agents\skills\supabase-postgres-best-practices\references\data-batch-inserts.md", "Markdown", 42, 0, 0, 0, 0, 0, 0, 0, 0, 0, 0, 0, 0, 0, 0, 0, 0, 13, 55
"c:\Users\omnora\OneDrive\Desktop\new_system\omnora-prime-v13\.agents\skills\supabase-postgres-best-practices\references\data-n-plus-one.md", "Markdown", 39, 0, 0, 0, 0, 0, 0, 0, 0, 0, 0, 0, 0, 0, 0, 0, 0, 15, 54
"c:\Users\omnora\OneDrive\Desktop\new_system\omnora-prime-v13\.agents\skills\supabase-postgres-best-practices\references\data-pagination.md", "Markdown", 37, 0, 0, 0, 0, 0, 0, 0, 0, 0, 0, 0, 0, 0, 0, 0, 0, 14, 51
"c:\Users\omnora\OneDrive\Desktop\new_system\omnora-prime-v13\.agents\skills\supabase-postgres-best-practices\references\data-upsert.md", "Markdown", 39, 0, 0, 0, 0, 0, 0, 0, 0, 0, 0, 0, 0, 0, 0, 0, 0, 12, 51
"c:\Users\omnora\OneDrive\Desktop\new_system\omnora-prime-v13\.agents\skills\supabase-postgres-best-practices\references\lock-advisory.md", "Markdown", 43, 0, 0, 0, 0, 0, 0, 0, 0, 0, 0, 0, 0, 0, 0, 0, 0, 14, 57
"c:\Users\omnora\OneDrive\Desktop\new_system\omnora-prime-v13\.agents\skills\supabase-postgres-best-practices\references\lock-deadlock-prevention.md", "Markdown", 53, 0, 0, 0, 0, 0, 0, 0, 0, 0, 0, 0, 0, 0, 0, 0, 0, 16, 69
"c:\Users\omnora\OneDrive\Desktop\new_system\omnora-prime-v13\.agents\skills\supabase-postgres-best-practices\references\lock-short-transactions.md", "Markdown", 37, 0, 0, 0, 0, 0, 0, 0, 0, 0, 0, 0, 0, 0, 0, 0, 0, 14, 51
"c:\Users\omnora\OneDrive\Desktop\new_system\omnora-prime-v13\.agents\skills\supabase-postgres-best-practices\references\lock-skip-locked.md", "Markdown", 43, 0, 0, 0, 0, 0, 0, 0, 0, 0, 0, 0, 0, 0, 0, 0, 0, 12, 55
"c:\Users\omnora\OneDrive\Desktop\new_system\omnora-prime-v13\.agents\skills\supabase-postgres-best-practices\references\monitor-explain-analyze.md", "Markdown", 35, 0, 0, 0, 0, 0, 0, 0, 0, 0, 0, 0, 0, 0, 0, 0, 0, 11, 46
"c:\Users\omnora\OneDrive\Desktop\new_system\omnora-prime-v13\.agents\skills\supabase-postgres-best-practices\references\monitor-pg-stat-statements.md", "Markdown", 43, 0, 0, 0, 0, 0, 0, 0, 0, 0, 0, 0, 0, 0, 0, 0, 0, 13, 56
"c:\Users\omnora\OneDrive\Desktop\new_system\omnora-prime-v13\.agents\skills\supabase-postgres-best-practices\references\monitor-vacuum-analyze.md", "Markdown", 43, 0, 0, 0, 0, 0, 0, 0, 0, 0, 0, 0, 0, 0, 0, 0, 0, 13, 56
"c:\Users\omnora\OneDrive\Desktop\new_system\omnora-prime-v13\.agents\skills\supabase-postgres-best-practices\references\query-composite-indexes.md", "Markdown", 32, 0, 0, 0, 0, 0, 0, 0, 0, 0, 0, 0, 0, 0, 0, 0, 0, 13, 45
"c:\Users\omnora\OneDrive\Desktop\new_system\omnora-prime-v13\.agents\skills\supabase-postgres-best-practices\references\query-covering-indexes.md", "Markdown", 28, 0, 0, 0, 0, 0, 0, 0, 0, 0, 0, 0, 0, 0, 0, 0, 0, 13, 41
"c:\Users\omnora\OneDrive\Desktop\new_system\omnora-prime-v13\.agents\skills\supabase-postgres-best-practices\references\query-index-types.md", "Markdown", 35, 0, 0, 0, 0, 0, 0, 0, 0, 0, 0, 0, 0, 0, 0, 0, 0, 14, 49
"c:\Users\omnora\OneDrive\Desktop\new_system\omnora-prime-v13\.agents\skills\supabase-postgres-best-practices\references\query-missing-indexes.md", "Markdown", 30, 0, 0, 0, 0, 0, 0, 0, 0, 0, 0, 0, 0, 0, 0, 0, 0, 14, 44
"c:\Users\omnora\OneDrive\Desktop\new_system\omnora-prime-v13\.agents\skills\supabase-postgres-best-practices\references\query-partial-indexes.md", "Markdown", 33, 0, 0, 0, 0, 0, 0, 0, 0, 0, 0, 0, 0, 0, 0, 0, 0, 13, 46
"c:\Users\omnora\OneDrive\Desktop\new_system\omnora-prime-v13\.agents\skills\supabase-postgres-best-practices\references\schema-constraints.md", "Markdown", 67, 0, 0, 0, 0, 0, 0, 0, 0, 0, 0, 0, 0, 0, 0, 0, 0, 14, 81
"c:\Users\omnora\OneDrive\Desktop\new_system\omnora-prime-v13\.agents\skills\supabase-postgres-best-practices\references\schema-data-types.md", "Markdown", 37, 0, 0, 0, 0, 0, 0, 0, 0, 0, 0, 0, 0, 0, 0, 0, 0, 10, 47
"c:\Users\omnora\OneDrive\Desktop\new_system\omnora-prime-v13\.agents\skills\supabase-postgres-best-practices\references\schema-foreign-key-indexes.md", "Markdown", 47, 0, 0, 0, 0, 0, 0, 0, 0, 0, 0, 0, 0, 0, 0, 0, 0, 13, 60
"c:\Users\omnora\OneDrive\Desktop\new_system\omnora-prime-v13\.agents\skills\supabase-postgres-best-practices\references\schema-lowercase-identifiers.md", "Markdown", 42, 0, 0, 0, 0, 0, 0, 0, 0, 0, 0, 0, 0, 0, 0, 0, 0, 14, 56
"c:\Users\omnora\OneDrive\Desktop\new_system\omnora-prime-v13\.agents\skills\supabase-postgres-best-practices\references\schema-partitioning.md", "Markdown", 41, 0, 0, 0, 0, 0, 0, 0, 0, 0, 0, 0, 0, 0, 0, 0, 0, 15, 56
"c:\Users\omnora\OneDrive\Desktop\new_system\omnora-prime-v13\.agents\skills\supabase-postgres-best-practices\references\schema-primary-keys.md", "Markdown", 49, 0, 0, 0, 0, 0, 0, 0, 0, 0, 0, 0, 0, 0, 0, 0, 0, 13, 62
"c:\Users\omnora\OneDrive\Desktop\new_system\omnora-prime-v13\.agents\skills\supabase-postgres-best-practices\references\security-privileges.md", "Markdown", 41, 0, 0, 0, 0, 0, 0, 0, 0, 0, 0, 0, 0, 0, 0, 0, 0, 14, 55
"c:\Users\omnora\OneDrive\Desktop\new_system\omnora-prime-v13\.agents\skills\supabase-postgres-best-practices\references\security-rls-basics.md", "Markdown", 37, 0, 0, 0, 0, 0, 0, 0, 0, 0, 0, 0, 0, 0, 0, 0, 0, 14, 51
"c:\Users\omnora\OneDrive\Desktop\new_system\omnora-prime-v13\.agents\skills\supabase-postgres-best-practices\references\security-rls-performance.md", "Markdown", 43, 0, 0, 0, 0, 0, 0, 0, 0, 0, 0, 0, 0, 0, 0, 0, 0, 15, 58
"c:\Users\omnora\OneDrive\Desktop\new_system\omnora-prime-v13\.agents\skills\supabase\SKILL.md", "Markdown", 74, 0, 0, 0, 0, 0, 0, 0, 0, 0, 0, 0, 0, 0, 0, 0, 0, 39, 113
"c:\Users\omnora\OneDrive\Desktop\new_system\omnora-prime-v13\.agents\skills\supabase\assets\feedback-issue-template.md", "Markdown", 9, 0, 0, 0, 0, 0, 0, 0, 0, 0, 0, 0, 0, 0, 0, 0, 0, 9, 18
"c:\Users\omnora\OneDrive\Desktop\new_system\omnora-prime-v13\.agents\skills\supabase\references\skill-feedback.md", "Markdown", 10, 0, 0, 0, 0, 0, 0, 0, 0, 0, 0, 0, 0, 0, 0, 0, 0, 8, 18
"c:\Users\omnora\OneDrive\Desktop\new_system\omnora-prime-v13\.github\workflows\android_build.yml", "YAML", 0, 0, 0, 0, 43, 0, 0, 0, 0, 0, 0, 0, 0, 0, 0, 0, 0, 11, 54
"c:\Users\omnora\OneDrive\Desktop\new_system\omnora-prime-v13\.github\workflows\ci.yml", "YAML", 0, 0, 0, 0, 165, 0, 0, 0, 0, 0, 0, 0, 0, 0, 0, 0, 17, 33, 215
"c:\Users\omnora\OneDrive\Desktop\new_system\omnora-prime-v13\.windsurf\skills\react-doctor\SKILL.md", "Markdown", 31, 0, 0, 0, 0, 0, 0, 0, 0, 0, 0, 0, 0, 0, 0, 0, 0, 16, 47
"c:\Users\omnora\OneDrive\Desktop\new_system\omnora-prime-v13\ARCHITECTURE.md", "Markdown", 139, 0, 0, 0, 0, 0, 0, 0, 0, 0, 0, 0, 0, 0, 0, 0, 0, 61, 200
"c:\Users\omnora\OneDrive\Desktop\new_system\omnora-prime-v13\CHANGELOG.md", "Markdown", 22, 0, 0, 0, 0, 0, 0, 0, 0, 0, 0, 0, 0, 0, 0, 0, 0, 3, 25
"c:\Users\omnora\OneDrive\Desktop\new_system\omnora-prime-v13\KNOWN_GAPS.md", "Markdown", 27, 0, 0, 0, 0, 0, 0, 0, 0, 0, 0, 0, 0, 0, 0, 0, 0, 6, 33
"c:\Users\omnora\OneDrive\Desktop\new_system\omnora-prime-v13\PERFORMANCE_BASELINE.md", "Markdown", 27, 0, 0, 0, 0, 0, 0, 0, 0, 0, 0, 0, 0, 0, 0, 0, 0, 6, 33
"c:\Users\omnora\OneDrive\Desktop\new_system\omnora-prime-v13\PRODUCTION_CHECKLIST.md", "Markdown", 36, 0, 0, 0, 0, 0, 0, 0, 0, 0, 0, 0, 0, 0, 0, 0, 0, 8, 44
"c:\Users\omnora\OneDrive\Desktop\new_system\omnora-prime-v13\README.md", "Markdown", 46, 0, 0, 0, 0, 0, 0, 0, 0, 0, 0, 0, 0, 0, 0, 0, 0, 16, 62
"c:\Users\omnora\OneDrive\Desktop\new_system\omnora-prime-v13\SMOKE_TEST.md", "Markdown", 30, 0, 0, 0, 0, 0, 0, 0, 0, 0, 0, 0, 0, 0, 0, 0, 0, 9, 39
"c:\Users\omnora\OneDrive\Desktop\new_system\omnora-prime-v13\audit-report.json", "JSON", 0, 0, 205, 0, 0, 0, 0, 0, 0, 0, 0, 0, 0, 0, 0, 0, 0, 2, 207
"c:\Users\omnora\OneDrive\Desktop\new_system\omnora-prime-v13\capacitor.config.ts", "TypeScript", 0, 0, 0, 7, 0, 0, 0, 0, 0, 0, 0, 0, 0, 0, 0, 0, 0, 3, 10
"c:\Users\omnora\OneDrive\Desktop\new_system\omnora-prime-v13\create_icons.js", "JavaScript", 0, 0, 0, 0, 0, 0, 20, 0, 0, 0, 0, 0, 0, 0, 0, 0, 5, 8, 33
"c:\Users\omnora\OneDrive\Desktop\new_system\omnora-prime-v13\drizzle.config.ts", "TypeScript", 0, 0, 0, 11, 0, 0, 0, 0, 0, 0, 0, 0, 0, 0, 0, 0, 0, 3, 14
"c:\Users\omnora\OneDrive\Desktop\new_system\omnora-prime-v13\ecosystem.config.js", "JavaScript", 0, 0, 0, 0, 0, 0, 25, 0, 0, 0, 0, 0, 0, 0, 0, 0, 2, 3, 30
"c:\Users\omnora\OneDrive\Desktop\new_system\omnora-prime-v13\electron-builder.yml", "YAML", 0, 0, 0, 0, 88, 0, 0, 0, 0, 0, 0, 0, 0, 0, 0, 0, 15, 17, 120
"c:\Users\omnora\OneDrive\Desktop\new_system\omnora-prime-v13\electron\bridge\rbacEngine.ts", "TypeScript", 0, 0, 0, 228, 0, 0, 0, 0, 0, 0, 0, 0, 0, 0, 0, 0, 3, 17, 248
"c:\Users\omnora\OneDrive\Desktop\new_system\omnora-prime-v13\electron\database\schema.ts", "TypeScript", 0, 0, 0, 651, 0, 0, 0, 0, 0, 0, 0, 0, 0, 0, 0, 0, 0, 52, 703
"c:\Users\omnora\OneDrive\Desktop\new_system\omnora-prime-v13\electron\main.ts", "TypeScript", 0, 0, 0, 2049, 0, 0, 0, 0, 0, 0, 0, 0, 0, 0, 0, 0, 185, 279, 2513
"c:\Users\omnora\OneDrive\Desktop\new_system\omnora-prime-v13\electron\preload.ts", "TypeScript", 0, 0, 0, 242, 0, 0, 0, 0, 0, 0, 0, 0, 0, 0, 0, 0, 20, 21, 283
"c:\Users\omnora\OneDrive\Desktop\new_system\omnora-prime-v13\electron\services\hwid.ts", "TypeScript", 0, 0, 0, 149, 0, 0, 0, 0, 0, 0, 0, 0, 0, 0, 0, 0, 10, 26, 185
"c:\Users\omnora\OneDrive\Desktop\new_system\omnora-prime-v13\electron\services\licenseVerifier.ts", "TypeScript", 0, 0, 0, 113, 0, 0, 0, 0, 0, 0, 0, 0, 0, 0, 0, 0, 17, 26, 156
"c:\Users\omnora\OneDrive\Desktop\new_system\omnora-prime-v13\electron\services\mediamtxService.ts", "TypeScript", 0, 0, 0, 157, 0, 0, 0, 0, 0, 0, 0, 0, 0, 0, 0, 0, 16, 39, 212
"c:\Users\omnora\OneDrive\Desktop\new_system\omnora-prime-v13\electron\services\onvifService.ts", "TypeScript", 0, 0, 0, 323, 0, 0, 0, 0, 0, 0, 0, 0, 0, 0, 0, 0, 31, 59, 413
"c:\Users\omnora\OneDrive\Desktop\new_system\omnora-prime-v13\electron\services\tierEngine.ts", "TypeScript", 0, 0, 0, 229, 0, 0, 0, 0, 0, 0, 0, 0, 0, 0, 0, 0, 25, 27, 281
"c:\Users\omnora\OneDrive\Desktop\new_system\omnora-prime-v13\electron\services\trialEngine.ts", "TypeScript", 0, 0, 0, 166, 0, 0, 0, 0, 0, 0, 0, 0, 0, 0, 0, 0, 8, 36, 210
"c:\Users\omnora\OneDrive\Desktop\new_system\omnora-prime-v13\electron\services\updateManager.ts", "TypeScript", 0, 0, 0, 97, 0, 0, 0, 0, 0, 0, 0, 0, 0, 0, 0, 0, 8, 23, 128
"c:\Users\omnora\OneDrive\Desktop\new_system\omnora-prime-v13\electron\store.ts", "TypeScript", 0, 0, 0, 291, 0, 0, 0, 0, 0, 0, 0, 0, 0, 0, 0, 0, 24, 71, 386
"c:\Users\omnora\OneDrive\Desktop\new_system\omnora-prime-v13\electron\tsconfig.json", "JSON with Comments", 0, 0, 0, 0, 0, 19, 0, 0, 0, 0, 0, 0, 0, 0, 0, 0, 0, 1, 20
"c:\Users\omnora\OneDrive\Desktop\new_system\omnora-prime-v13\eslint.config.mjs", "JavaScript", 0, 0, 0, 0, 0, 0, 31, 0, 0, 0, 0, 0, 0, 0, 0, 0, 7, 8, 46
"c:\Users\omnora\OneDrive\Desktop\new_system\omnora-prime-v13\lint_results.json", "JSON", 0, 0, 1, 0, 0, 0, 0, 0, 0, 0, 0, 0, 0, 0, 0, 0, 0, 1, 2
"c:\Users\omnora\OneDrive\Desktop\new_system\omnora-prime-v13\next.config.ts", "TypeScript", 0, 0, 0, 171, 0, 0, 0, 0, 0, 0, 0, 0, 0, 0, 0, 0, 4, 15, 190
"c:\Users\omnora\OneDrive\Desktop\new_system\omnora-prime-v13\noxis_full_test_report.html", "HTML", 0, 0, 0, 0, 0, 0, 0, 0, 0, 0, 345, 0, 0, 0, 0, 0, 0, 12, 357
"c:\Users\omnora\OneDrive\Desktop\new_system\omnora-prime-v13\noxis_tester_sheet.html", "HTML", 0, 0, 0, 0, 0, 0, 0, 0, 0, 0, 159, 0, 0, 0, 0, 0, 0, 8, 167
"c:\Users\omnora\OneDrive\Desktop\new_system\omnora-prime-v13\package-lock.json", "JSON", 0, 0, 24847, 0, 0, 0, 0, 0, 0, 0, 0, 0, 0, 0, 0, 0, 0, 1, 24848
"c:\Users\omnora\OneDrive\Desktop\new_system\omnora-prime-v13\package.json", "JSON", 0, 0, 159, 0, 0, 0, 0, 0, 0, 0, 0, 0, 0, 0, 0, 0, 0, 1, 160
"c:\Users\omnora\OneDrive\Desktop\new_system\omnora-prime-v13\postcss.config.mjs", "JavaScript", 0, 0, 0, 0, 0, 0, 6, 0, 0, 0, 0, 0, 0, 0, 0, 0, 0, 3, 9
"c:\Users\omnora\OneDrive\Desktop\new_system\omnora-prime-v13\public\admin\index.html", "HTML", 0, 0, 0, 0, 0, 0, 0, 0, 0, 0, 1004, 0, 0, 0, 0, 0, 0, 98, 1102
"c:\Users\omnora\OneDrive\Desktop\new_system\omnora-prime-v13\public\file.svg", "XML", 0, 0, 0, 0, 0, 0, 0, 0, 1, 0, 0, 0, 0, 0, 0, 0, 0, 1, 2
"c:\Users\omnora\OneDrive\Desktop\new_system\omnora-prime-v13\public\globe.svg", "XML", 0, 0, 0, 0, 0, 0, 0, 0, 1, 0, 0, 0, 0, 0, 0, 0, 0, 1, 2
"c:\Users\omnora\OneDrive\Desktop\new_system\omnora-prime-v13\public\next.svg", "XML", 0, 0, 0, 0, 0, 0, 0, 0, 1, 0, 0, 0, 0, 0, 0, 0, 0, 1, 2
"c:\Users\omnora\OneDrive\Desktop\new_system\omnora-prime-v13\public\sitemap.xml", "XML", 0, 0, 0, 0, 0, 0, 0, 0, 69, 0, 0, 0, 0, 0, 0, 0, 0, 1, 70
"c:\Users\omnora\OneDrive\Desktop\new_system\omnora-prime-v13\public\vercel.svg", "XML", 0, 0, 0, 0, 0, 0, 0, 0, 1, 0, 0, 0, 0, 0, 0, 0, 0, 1, 2
"c:\Users\omnora\OneDrive\Desktop\new_system\omnora-prime-v13\public\version.json", "JSON", 0, 0, 12, 0, 0, 0, 0, 0, 0, 0, 0, 0, 0, 0, 0, 0, 0, 2, 14
"c:\Users\omnora\OneDrive\Desktop\new_system\omnora-prime-v13\public\window.svg", "XML", 0, 0, 0, 0, 0, 0, 0, 0, 1, 0, 0, 0, 0, 0, 0, 0, 0, 1, 2
"c:\Users\omnora\OneDrive\Desktop\new_system\omnora-prime-v13\scratch_setup_avatars.js", "JavaScript", 0, 0, 0, 0, 0, 0, 53, 0, 0, 0, 0, 0, 0, 0, 0, 0, 3, 9, 65
"c:\Users\omnora\OneDrive\Desktop\new_system\omnora-prime-v13\scripts\audit-scanner.js", "JavaScript", 0, 0, 0, 0, 0, 0, 93, 0, 0, 0, 0, 0, 0, 0, 0, 0, 4, 12, 109
"c:\Users\omnora\OneDrive\Desktop\new_system\omnora-prime-v13\scripts\audit-steps2-6.js", "JavaScript", 0, 0, 0, 0, 0, 0, 75, 0, 0, 0, 0, 0, 0, 0, 0, 0, 3, 7, 85
"c:\Users\omnora\OneDrive\Desktop\new_system\omnora-prime-v13\scripts\build-electron.mjs", "JavaScript", 0, 0, 0, 0, 0, 0, 214, 0, 0, 0, 0, 0, 0, 0, 0, 0, 20, 30, 264
"c:\Users\omnora\OneDrive\Desktop\new_system\omnora-prime-v13\scripts\build-icon.js", "JavaScript", 0, 0, 0, 0, 0, 0, 31, 0, 0, 0, 0, 0, 0, 0, 0, 0, 0, 7, 38
"c:\Users\omnora\OneDrive\Desktop\new_system\omnora-prime-v13\scripts\build-production.sh", "Shell Script", 0, 23, 0, 0, 0, 0, 0, 0, 0, 0, 0, 0, 0, 0, 0, 0, 8, 8, 39
"c:\Users\omnora\OneDrive\Desktop\new_system\omnora-prime-v13\scripts\build-static.mjs", "JavaScript", 0, 0, 0, 0, 0, 0, 144, 0, 0, 0, 0, 0, 0, 0, 0, 0, 10, 23, 177
"c:\Users\omnora\OneDrive\Desktop\new_system\omnora-prime-v13\scripts\check-columns-esm.js", "JavaScript", 0, 0, 0, 0, 0, 0, 19, 0, 0, 0, 0, 0, 0, 0, 0, 0, 0, 5, 24
"c:\Users\omnora\OneDrive\Desktop\new_system\omnora-prime-v13\scripts\check-columns-rpc.js", "JavaScript", 0, 0, 0, 0, 0, 0, 16, 0, 0, 0, 0, 0, 0, 0, 0, 0, 0, 5, 21
"c:\Users\omnora\OneDrive\Desktop\new_system\omnora-prime-v13\scripts\check-columns.js", "JavaScript", 0, 0, 0, 0, 0, 0, 19, 0, 0, 0, 0, 0, 0, 0, 0, 0, 0, 5, 24
"c:\Users\omnora\OneDrive\Desktop\new_system\omnora-prime-v13\scripts\check-db-accounts.js", "JavaScript", 0, 0, 0, 0, 0, 0, 36, 0, 0, 0, 0, 0, 0, 0, 0, 0, 0, 10, 46
"c:\Users\omnora\OneDrive\Desktop\new_system\omnora-prime-v13\scripts\check-parties-cols.js", "JavaScript", 0, 0, 0, 0, 0, 0, 19, 0, 0, 0, 0, 0, 0, 0, 0, 0, 0, 3, 22
"c:\Users\omnora\OneDrive\Desktop\new_system\omnora-prime-v13\scripts\clean-env.js", "JavaScript", 0, 0, 0, 0, 0, 0, 24, 0, 0, 0, 0, 0, 0, 0, 0, 0, 7, 5, 36
"c:\Users\omnora\OneDrive\Desktop\new_system\omnora-prime-v13\scripts\clean-standalone-sqlite.js", "JavaScript", 0, 0, 0, 0, 0, 0, 20, 0, 0, 0, 0, 0, 0, 0, 0, 0, 0, 4, 24
"c:\Users\omnora\OneDrive\Desktop\new_system\omnora-prime-v13\scripts\create-demo-user.ts", "TypeScript", 0, 0, 0, 71, 0, 0, 0, 0, 0, 0, 0, 0, 0, 0, 0, 0, 3, 15, 89
"c:\Users\omnora\OneDrive\Desktop\new_system\omnora-prime-v13\scripts\create-test-users.ts", "TypeScript", 0, 0, 0, 51, 0, 0, 0, 0, 0, 0, 0, 0, 0, 0, 0, 0, 3, 12, 66
"c:\Users\omnora\OneDrive\Desktop\new_system\omnora-prime-v13\scripts\create-user-license.js", "JavaScript", 0, 0, 0, 0, 0, 0, 23, 0, 0, 0, 0, 0, 0, 0, 0, 0, 0, 5, 28
"c:\Users\omnora\OneDrive\Desktop\new_system\omnora-prime-v13\scripts\download-mediamtx.ps1", "PowerShell", 0, 0, 0, 0, 0, 0, 0, 0, 0, 0, 0, 0, 0, 0, 0, 18, 1, 6, 25
"c:\Users\omnora\OneDrive\Desktop\new_system\omnora-prime-v13\scripts\find-rpcs.js", "JavaScript", 0, 0, 0, 0, 0, 0, 15, 0, 0, 0, 0, 0, 0, 0, 0, 0, 1, 4, 20
"c:\Users\omnora\OneDrive\Desktop\new_system\omnora-prime-v13\scripts\fix-api-exports.js", "JavaScript", 0, 0, 0, 0, 0, 0, 30, 0, 0, 0, 0, 0, 0, 0, 0, 0, 0, 7, 37
"c:\Users\omnora\OneDrive\Desktop\new_system\omnora-prime-v13\scripts\force-seed-accounts.js", "JavaScript", 0, 0, 0, 0, 0, 0, 33, 0, 0, 0, 0, 0, 0, 0, 0, 0, 1, 10, 44
"c:\Users\omnora\OneDrive\Desktop\new_system\omnora-prime-v13\scripts\gen-loading.js", "JavaScript", 0, 0, 0, 0, 0, 0, 84, 0, 0, 0, 0, 0, 0, 0, 0, 0, 0, 12, 96
"c:\Users\omnora\OneDrive\Desktop\new_system\omnora-prime-v13\scripts\generate-icons.js", "JavaScript", 0, 0, 0, 0, 0, 0, 38, 0, 0, 0, 0, 0, 0, 0, 0, 0, 2, 10, 50
"c:\Users\omnora\OneDrive\Desktop\new_system\omnora-prime-v13\scripts\generate-installer-assets.js", "JavaScript", 0, 0, 0, 0, 0, 0, 97, 0, 0, 0, 0, 0, 0, 0, 0, 0, 7, 15, 119
"c:\Users\omnora\OneDrive\Desktop\new_system\omnora-prime-v13\scripts\generate-license.ts", "TypeScript", 0, 0, 0, 116, 0, 0, 0, 0, 0, 0, 0, 0, 0, 0, 0, 0, 7, 20, 143
"c:\Users\omnora\OneDrive\Desktop\new_system\omnora-prime-v13\scripts\generate-user-license.ts", "TypeScript", 0, 0, 0, 65, 0, 0, 0, 0, 0, 0, 0, 0, 0, 0, 0, 0, 0, 9, 74
"c:\Users\omnora\OneDrive\Desktop\new_system\omnora-prime-v13\scripts\get-hwid-and-generate.js", "JavaScript", 0, 0, 0, 0, 0, 0, 119, 0, 0, 0, 0, 0, 0, 0, 0, 0, 1, 11, 131
"c:\Users\omnora\OneDrive\Desktop\new_system\omnora-prime-v13\scripts\inspect-db-function.js", "JavaScript", 0, 0, 0, 0, 0, 0, 18, 0, 0, 0, 0, 0, 0, 0, 0, 0, 3, 8, 29
"c:\Users\omnora\OneDrive\Desktop\new_system\omnora-prime-v13\scripts\install-service.bat", "Batch", 0, 0, 0, 0, 0, 0, 0, 0, 0, 0, 0, 0, 0, 0, 22, 0, 2, 7, 31
"c:\Users\omnora\OneDrive\Desktop\new_system\omnora-prime-v13\scripts\list-tables.js", "JavaScript", 0, 0, 0, 0, 0, 0, 19, 0, 0, 0, 0, 0, 0, 0, 0, 0, 1, 4, 24
"c:\Users\omnora\OneDrive\Desktop\new_system\omnora-prime-v13\scripts\make-ico.js", "JavaScript", 0, 0, 0, 0, 0, 0, 26, 0, 0, 0, 0, 0, 0, 0, 0, 0, 1, 3, 30
"c:\Users\omnora\OneDrive\Desktop\new_system\omnora-prime-v13\scripts\migrate-messaging-tables.sql", "MS SQL", 0, 0, 0, 0, 0, 0, 0, 0, 0, 0, 0, 0, 45, 0, 0, 0, 9, 10, 64
"c:\Users\omnora\OneDrive\Desktop\new_system\omnora-prime-v13\scripts\migrate-supabase.js", "JavaScript", 0, 0, 0, 0, 0, 0, 28, 0, 0, 0, 0, 0, 0, 0, 0, 0, 0, 6, 34
"c:\Users\omnora\OneDrive\Desktop\new_system\omnora-prime-v13\scripts\print-env.js", "JavaScript", 0, 0, 0, 0, 0, 0, 5, 0, 0, 0, 0, 0, 0, 0, 0, 0, 0, 2, 7
"c:\Users\omnora\OneDrive\Desktop\new_system\omnora-prime-v13\scripts\read-last-prompt.js", "JavaScript", 0, 0, 0, 0, 0, 0, 34, 0, 0, 0, 0, 0, 0, 0, 0, 0, 2, 9, 45
"c:\Users\omnora\OneDrive\Desktop\new_system\omnora-prime-v13\scripts\release.ps1", "PowerShell", 0, 0, 0, 0, 0, 0, 0, 0, 0, 0, 0, 0, 0, 0, 0, 43, 9, 10, 62
"c:\Users\omnora\OneDrive\Desktop\new_system\omnora-prime-v13\scripts\restore-app.js", "JavaScript", 0, 0, 0, 0, 0, 0, 25, 0, 0, 0, 0, 0, 0, 0, 0, 0, 1, 8, 34
"c:\Users\omnora\OneDrive\Desktop\new_system\omnora-prime-v13\scripts\search-found-step.js", "JavaScript", 0, 0, 0, 0, 0, 0, 20, 0, 0, 0, 0, 0, 0, 0, 0, 0, 0, 7, 27
"c:\Users\omnora\OneDrive\Desktop\new_system\omnora-prime-v13\scripts\search-history.js", "JavaScript", 0, 0, 0, 0, 0, 0, 32, 0, 0, 0, 0, 0, 0, 0, 0, 0, 1, 7, 40
"c:\Users\omnora\OneDrive\Desktop\new_system\omnora-prime-v13\scripts\seed-accounts-manually.js", "JavaScript", 0, 0, 0, 0, 0, 0, 68, 0, 0, 0, 0, 0, 0, 0, 0, 0, 6, 12, 86
"c:\Users\omnora\OneDrive\Desktop\new_system\omnora-prime-v13\scripts\seed-demo-data.ts", "TypeScript", 0, 0, 0, 147, 0, 0, 0, 0, 0, 0, 0, 0, 0, 0, 0, 0, 5, 25, 177
"c:\Users\omnora\OneDrive\Desktop\new_system\omnora-prime-v13\scripts\test-exec-sql-more.js", "JavaScript", 0, 0, 0, 0, 0, 0, 19, 0, 0, 0, 0, 0, 0, 0, 0, 0, 0, 2, 21
"c:\Users\omnora\OneDrive\Desktop\new_system\omnora-prime-v13\scripts\test-exec-sql.js", "JavaScript", 0, 0, 0, 0, 0, 0, 20, 0, 0, 0, 0, 0, 0, 0, 0, 0, 0, 2, 22
"c:\Users\omnora\OneDrive\Desktop\new_system\omnora-prime-v13\scripts\test-insert-accounts.js", "JavaScript", 0, 0, 0, 0, 0, 0, 26, 0, 0, 0, 0, 0, 0, 0, 0, 0, 0, 7, 33
"c:\Users\omnora\OneDrive\Desktop\new_system\omnora-prime-v13\scripts\test-insert-sku.js", "JavaScript", 0, 0, 0, 0, 0, 0, 66, 0, 0, 0, 0, 0, 0, 0, 0, 0, 1, 13, 80
"c:\Users\omnora\OneDrive\Desktop\new_system\omnora-prime-v13\scripts\test-insert-sku.ts", "TypeScript", 0, 0, 0, 66, 0, 0, 0, 0, 0, 0, 0, 0, 0, 0, 0, 0, 1, 13, 80
"c:\Users\omnora\OneDrive\Desktop\new_system\omnora-prime-v13\scripts\test-license.ts", "TypeScript", 0, 0, 0, 79, 0, 0, 0, 0, 0, 0, 0, 0, 0, 0, 0, 0, 0, 14, 93
"c:\Users\omnora\OneDrive\Desktop\new_system\omnora-prime-v13\scripts\try-insert-license.js", "JavaScript", 0, 0, 0, 0, 0, 0, 33, 0, 0, 0, 0, 0, 0, 0, 0, 0, 1, 5, 39
"c:\Users\omnora\OneDrive\Desktop\new_system\omnora-prime-v13\scripts\uninstall-service.bat", "Batch", 0, 0, 0, 0, 0, 0, 0, 0, 0, 0, 0, 0, 0, 0, 8, 0, 1, 3, 12
"c:\Users\omnora\OneDrive\Desktop\new_system\omnora-prime-v13\scripts\upload-update-to-r2.js", "JavaScript", 0, 0, 0, 0, 0, 0, 268, 0, 0, 0, 0, 0, 0, 0, 0, 0, 8, 39, 315
"c:\Users\omnora\OneDrive\Desktop\new_system\omnora-prime-v13\scripts\verify-backup.ts", "TypeScript", 0, 0, 0, 49, 0, 0, 0, 0, 0, 0, 0, 0, 0, 0, 0, 0, 7, 17, 73
"c:\Users\omnora\OneDrive\Desktop\new_system\omnora-prime-v13\scripts\verify-build.js", "JavaScript", 0, 0, 0, 0, 0, 0, 61, 0, 0, 0, 0, 0, 0, 0, 0, 0, 3, 14, 78
"c:\Users\omnora\OneDrive\Desktop\new_system\omnora-prime-v13\skills-lock.json", "JSON", 0, 0, 17, 0, 0, 0, 0, 0, 0, 0, 0, 0, 0, 0, 0, 0, 0, 1, 18
"c:\Users\omnora\OneDrive\Desktop\new_system\omnora-prime-v13\src\app\(auth)\login\loading.tsx", "TypeScript JSX", 0, 0, 0, 0, 0, 0, 0, 0, 0, 0, 0, 47, 0, 0, 0, 0, 4, 5, 56
"c:\Users\omnora\OneDrive\Desktop\new_system\omnora-prime-v13\src\app\(auth)\login\page.tsx", "TypeScript JSX", 0, 0, 0, 0, 0, 0, 0, 0, 0, 0, 0, 306, 0, 0, 0, 0, 5, 23, 334
"c:\Users\omnora\OneDrive\Desktop\new_system\omnora-prime-v13\src\app\(auth)\signup\loading.tsx", "TypeScript JSX", 0, 0, 0, 0, 0, 0, 0, 0, 0, 0, 0, 47, 0, 0, 0, 0, 4, 5, 56
"c:\Users\omnora\OneDrive\Desktop\new_system\omnora-prime-v13\src\app\(auth)\signup\page.tsx", "TypeScript JSX", 0, 0, 0, 0, 0, 0, 0, 0, 0, 0, 0, 179, 0, 0, 0, 0, 1, 18, 198
"c:\Users\omnora\OneDrive\Desktop\new_system\omnora-prime-v13\src\app\(hub)\clients\portals\PortalManagementClient.tsx", "TypeScript JSX", 0, 0, 0, 0, 0, 0, 0, 0, 0, 0, 0, 323, 0, 0, 0, 0, 5, 22, 350
"c:\Users\omnora\OneDrive\Desktop\new_system\omnora-prime-v13\src\app\(hub)\clients\portals\loading.tsx", "TypeScript JSX", 0, 0, 0, 0, 0, 0, 0, 0, 0, 0, 0, 47, 0, 0, 0, 0, 4, 5, 56
"c:\Users\omnora\OneDrive\Desktop\new_system\omnora-prime-v13\src\app\(hub)\clients\portals\page.tsx", "TypeScript JSX", 0, 0, 0, 0, 0, 0, 0, 0, 0, 0, 0, 41, 0, 0, 0, 0, 3, 9, 53
"c:\Users\omnora\OneDrive\Desktop\new_system\omnora-prime-v13\src\app\(hub)\inventory\transfers\inter-branch\loading.tsx", "TypeScript JSX", 0, 0, 0, 0, 0, 0, 0, 0, 0, 0, 0, 47, 0, 0, 0, 0, 4, 5, 56
"c:\Users\omnora\OneDrive\Desktop\new_system\omnora-prime-v13\src\app\(hub)\inventory\transfers\inter-branch\page.tsx", "TypeScript JSX", 0, 0, 0, 0, 0, 0, 0, 0, 0, 0, 0, 404, 0, 0, 0, 0, 18, 36, 458
"c:\Users\omnora\OneDrive\Desktop\new_system\omnora-prime-v13\src\app\(hub)\settings\branches\loading.tsx", "TypeScript JSX", 0, 0, 0, 0, 0, 0, 0, 0, 0, 0, 0, 47, 0, 0, 0, 0, 4, 5, 56
"c:\Users\omnora\OneDrive\Desktop\new_system\omnora-prime-v13\src\app\(hub)\settings\branches\page.tsx", "TypeScript JSX", 0, 0, 0, 0, 0, 0, 0, 0, 0, 0, 0, 453, 0, 0, 0, 0, 11, 30, 494
"c:\Users\omnora\OneDrive\Desktop\new_system\omnora-prime-v13\src\app\(kitchen)\layout.tsx", "TypeScript JSX", 0, 0, 0, 0, 0, 0, 0, 0, 0, 0, 0, 21, 0, 0, 0, 0, 1, 7, 29
"c:\Users\omnora\OneDrive\Desktop\new_system\omnora-prime-v13\src\app\(kitchen)\live\loading.tsx", "TypeScript JSX", 0, 0, 0, 0, 0, 0, 0, 0, 0, 0, 0, 47, 0, 0, 0, 0, 4, 5, 56
"c:\Users\omnora\OneDrive\Desktop\new_system\omnora-prime-v13\src\app\(kitchen)\live\page.tsx", "TypeScript JSX", 0, 0, 0, 0, 0, 0, 0, 0, 0, 0, 0, 152, 0, 0, 0, 0, 1, 14, 167
"c:\Users\omnora\OneDrive\Desktop\new_system\omnora-prime-v13\src\app\(logistics)\layout.tsx", "TypeScript JSX", 0, 0, 0, 0, 0, 0, 0, 0, 0, 0, 0, 21, 0, 0, 0, 0, 1, 7, 29
"c:\Users\omnora\OneDrive\Desktop\new_system\omnora-prime-v13\src\app\(logistics)\shipments\loading.tsx", "TypeScript JSX", 0, 0, 0, 0, 0, 0, 0, 0, 0, 0, 0, 47, 0, 0, 0, 0, 4, 5, 56
"c:\Users\omnora\OneDrive\Desktop\new_system\omnora-prime-v13\src\app\(logistics)\shipments\page.tsx", "TypeScript JSX", 0, 0, 0, 0, 0, 0, 0, 0, 0, 0, 0, 250, 0, 0, 0, 0, 1, 21, 272
"c:\Users\omnora\OneDrive\Desktop\new_system\omnora-prime-v13\src\app\(medical)\cold-chain\loading.tsx", "TypeScript JSX", 0, 0, 0, 0, 0, 0, 0, 0, 0, 0, 0, 47, 0, 0, 0, 0, 4, 5, 56
"c:\Users\omnora\OneDrive\Desktop\new_system\omnora-prime-v13\src\app\(medical)\cold-chain\page.tsx", "TypeScript JSX", 0, 0, 0, 0, 0, 0, 0, 0, 0, 0, 0, 159, 0, 0, 0, 0, 2, 18, 179
"c:\Users\omnora\OneDrive\Desktop\new_system\omnora-prime-v13\src\app\(medical)\expiry\loading.tsx", "TypeScript JSX", 0, 0, 0, 0, 0, 0, 0, 0, 0, 0, 0, 47, 0, 0, 0, 0, 4, 5, 56
"c:\Users\omnora\OneDrive\Desktop\new_system\omnora-prime-v13\src\app\(medical)\expiry\page.tsx", "TypeScript JSX", 0, 0, 0, 0, 0, 0, 0, 0, 0, 0, 0, 243, 0, 0, 0, 0, 2, 21, 266
"c:\Users\omnora\OneDrive\Desktop\new_system\omnora-prime-v13\src\app\(medical)\layout.tsx", "TypeScript JSX", 0, 0, 0, 0, 0, 0, 0, 0, 0, 0, 0, 21, 0, 0, 0, 0, 1, 7, 29
"c:\Users\omnora\OneDrive\Desktop\new_system\omnora-prime-v13\src\app\(onboarding)\license\actions.ts", "TypeScript", 0, 0, 0, 67, 0, 0, 0, 0, 0, 0, 0, 0, 0, 0, 0, 0, 4, 9, 80
"c:\Users\omnora\OneDrive\Desktop\new_system\omnora-prime-v13\src\app\(onboarding)\license\loading.tsx", "TypeScript JSX", 0, 0, 0, 0, 0, 0, 0, 0, 0, 0, 0, 47, 0, 0, 0, 0, 4, 5, 56
"c:\Users\omnora\OneDrive\Desktop\new_system\omnora-prime-v13\src\app\(onboarding)\license\page.tsx", "TypeScript JSX", 0, 0, 0, 0, 0, 0, 0, 0, 0, 0, 0, 290, 0, 0, 0, 0, 12, 40, 342
"c:\Users\omnora\OneDrive\Desktop\new_system\omnora-prime-v13\src\app\LandingClient.tsx", "TypeScript JSX", 0, 0, 0, 0, 0, 0, 0, 0, 0, 0, 0, 780, 0, 0, 0, 0, 31, 53, 864
"c:\Users\omnora\OneDrive\Desktop\new_system\omnora-prime-v13\src\app\[adminPath]\layout.tsx", "TypeScript JSX", 0, 0, 0, 0, 0, 0, 0, 0, 0, 0, 0, 6, 0, 0, 0, 0, 0, 2, 8
"c:\Users\omnora\OneDrive\Desktop\new_system\omnora-prime-v13\src\app\[adminPath]\licenses\LicensesDashboard.tsx", "TypeScript JSX", 0, 0, 0, 0, 0, 0, 0, 0, 0, 0, 0, 410, 0, 0, 0, 0, 15, 37, 462
"c:\Users\omnora\OneDrive\Desktop\new_system\omnora-prime-v13\src\app\[adminPath]\licenses\loading.tsx", "TypeScript JSX", 0, 0, 0, 0, 0, 0, 0, 0, 0, 0, 0, 47, 0, 0, 0, 0, 4, 5, 56
"c:\Users\omnora\OneDrive\Desktop\new_system\omnora-prime-v13\src\app\[adminPath]\licenses\page.tsx", "TypeScript JSX", 0, 0, 0, 0, 0, 0, 0, 0, 0, 0, 0, 13, 0, 0, 0, 0, 1, 6, 20
"c:\Users\omnora\OneDrive\Desktop\new_system\omnora-prime-v13\src\app\[adminPath]\login\loading.tsx", "TypeScript JSX", 0, 0, 0, 0, 0, 0, 0, 0, 0, 0, 0, 47, 0, 0, 0, 0, 4, 5, 56
"c:\Users\omnora\OneDrive\Desktop\new_system\omnora-prime-v13\src\app\[adminPath]\login\page.tsx", "TypeScript JSX", 0, 0, 0, 0, 0, 0, 0, 0, 0, 0, 0, 118, 0, 0, 0, 0, 1, 9, 128
"c:\Users\omnora\OneDrive\Desktop\new_system\omnora-prime-v13\src\app\[adminPath]\payments\PaymentsDashboard.tsx", "TypeScript JSX", 0, 0, 0, 0, 0, 0, 0, 0, 0, 0, 0, 213, 0, 0, 0, 0, 8, 22, 243
"c:\Users\omnora\OneDrive\Desktop\new_system\omnora-prime-v13\src\app\[adminPath]\payments\loading.tsx", "TypeScript JSX", 0, 0, 0, 0, 0, 0, 0, 0, 0, 0, 0, 47, 0, 0, 0, 0, 4, 5, 56
"c:\Users\omnora\OneDrive\Desktop\new_system\omnora-prime-v13\src\app\[adminPath]\payments\page.tsx", "TypeScript JSX", 0, 0, 0, 0, 0, 0, 0, 0, 0, 0, 0, 13, 0, 0, 0, 0, 1, 6, 20
"c:\Users\omnora\OneDrive\Desktop\new_system\omnora-prime-v13\src\app\[adminPath]\signals\loading.tsx", "TypeScript JSX", 0, 0, 0, 0, 0, 0, 0, 0, 0, 0, 0, 47, 0, 0, 0, 0, 4, 5, 56
"c:\Users\omnora\OneDrive\Desktop\new_system\omnora-prime-v13\src\app\[adminPath]\signals\page.tsx", "TypeScript JSX", 0, 0, 0, 0, 0, 0, 0, 0, 0, 0, 0, 182, 0, 0, 0, 0, 7, 22, 211
"c:\Users\omnora\OneDrive\Desktop\new_system\omnora-prime-v13\src\app\[adminPath]\tenants\TenantsDashboard.tsx", "TypeScript JSX", 0, 0, 0, 0, 0, 0, 0, 0, 0, 0, 0, 341, 0, 0, 0, 0, 7, 27, 375
"c:\Users\omnora\OneDrive\Desktop\new_system\omnora-prime-v13\src\app\[adminPath]\tenants\loading.tsx", "TypeScript JSX", 0, 0, 0, 0, 0, 0, 0, 0, 0, 0, 0, 47, 0, 0, 0, 0, 4, 5, 56
"c:\Users\omnora\OneDrive\Desktop\new_system\omnora-prime-v13\src\app\[adminPath]\tenants\page.tsx", "TypeScript JSX", 0, 0, 0, 0, 0, 0, 0, 0, 0, 0, 0, 6, 0, 0, 0, 0, 0, 2, 8
"c:\Users\omnora\OneDrive\Desktop\new_system\omnora-prime-v13\src\app\about\about.tsx", "TypeScript JSX", 0, 0, 0, 0, 0, 0, 0, 0, 0, 0, 0, 508, 0, 0, 0, 0, 12, 47, 567
"c:\Users\omnora\OneDrive\Desktop\new_system\omnora-prime-v13\src\app\about\loading.tsx", "TypeScript JSX", 0, 0, 0, 0, 0, 0, 0, 0, 0, 0, 0, 47, 0, 0, 0, 0, 4, 5, 56
"c:\Users\omnora\OneDrive\Desktop\new_system\omnora-prime-v13\src\app\about\page.tsx", "TypeScript JSX", 0, 0, 0, 0, 0, 0, 0, 0, 0, 0, 0, 21, 0, 0, 0, 0, 0, 3, 24
"c:\Users\omnora\OneDrive\Desktop\new_system\omnora-prime-v13\src\app\analytics\loading.tsx", "TypeScript JSX", 0, 0, 0, 0, 0, 0, 0, 0, 0, 0, 0, 47, 0, 0, 0, 0, 4, 5, 56
"c:\Users\omnora\OneDrive\Desktop\new_system\omnora-prime-v13\src\app\analytics\page.tsx", "TypeScript JSX", 0, 0, 0, 0, 0, 0, 0, 0, 0, 0, 0, 342, 0, 0, 0, 0, 16, 31, 389
"c:\Users\omnora\OneDrive\Desktop\new_system\omnora-prime-v13\src\app\api\admin\activation-logs\route.ts", "TypeScript", 0, 0, 0, 39, 0, 0, 0, 0, 0, 0, 0, 0, 0, 0, 0, 0, 0, 7, 46
"c:\Users\omnora\OneDrive\Desktop\new_system\omnora-prime-v13\src\app\api\admin\login\route.ts", "TypeScript", 0, 0, 0, 115, 0, 0, 0, 0, 0, 0, 0, 0, 0, 0, 0, 0, 9, 18, 142
"c:\Users\omnora\OneDrive\Desktop\new_system\omnora-prime-v13\src\app\api\admin\logout\route.ts", "TypeScript", 0, 0, 0, 9, 0, 0, 0, 0, 0, 0, 0, 0, 0, 0, 0, 0, 0, 2, 11
"c:\Users\omnora\OneDrive\Desktop\new_system\omnora-prime-v13\src\app\api\admin\logs\route.ts", "TypeScript", 0, 0, 0, 32, 0, 0, 0, 0, 0, 0, 0, 0, 0, 0, 0, 0, 0, 7, 39
"c:\Users\omnora\OneDrive\Desktop\new_system\omnora-prime-v13\src\app\api\admin\tenants\route.ts", "TypeScript", 0, 0, 0, 112, 0, 0, 0, 0, 0, 0, 0, 0, 0, 0, 0, 0, 7, 26, 145
"c:\Users\omnora\OneDrive\Desktop\new_system\omnora-prime-v13\src\app\api\changelog\route.ts", "TypeScript", 0, 0, 0, 17, 0, 0, 0, 0, 0, 0, 0, 0, 0, 0, 0, 0, 0, 3, 20
"c:\Users\omnora\OneDrive\Desktop\new_system\omnora-prime-v13\src\app\api\cron\daily-summary\route.ts", "TypeScript", 0, 0, 0, 47, 0, 0, 0, 0, 0, 0, 0, 0, 0, 0, 0, 0, 5, 13, 65
"c:\Users\omnora\OneDrive\Desktop\new_system\omnora-prime-v13\src\app\api\cron\recurring-invoices\route.ts", "TypeScript", 0, 0, 0, 112, 0, 0, 0, 0, 0, 0, 0, 0, 0, 0, 0, 0, 10, 23, 145
"c:\Users\omnora\OneDrive\Desktop\new_system\omnora-prime-v13\src\app\api\dashboard\kpis\route.ts", "TypeScript", 0, 0, 0, 176, 0, 0, 0, 0, 0, 0, 0, 0, 0, 0, 0, 0, 19, 40, 235
"c:\Users\omnora\OneDrive\Desktop\new_system\omnora-prime-v13\src\app\api\diagnostics\route.ts", "TypeScript", 0, 0, 0, 64, 0, 0, 0, 0, 0, 0, 0, 0, 0, 0, 0, 0, 5, 11, 80
"c:\Users\omnora\OneDrive\Desktop\new_system\omnora-prime-v13\src\app\api\docs\route.ts", "TypeScript", 0, 0, 0, 705, 0, 0, 0, 0, 0, 0, 0, 0, 0, 0, 0, 0, 0, 54, 759
"c:\Users\omnora\OneDrive\Desktop\new_system\omnora-prime-v13\src\app\api\download-software\route.ts", "TypeScript", 0, 0, 0, 218, 0, 0, 0, 0, 0, 0, 0, 0, 0, 0, 0, 0, 8, 32, 258
"c:\Users\omnora\OneDrive\Desktop\new_system\omnora-prime-v13\src\app\api\download\route.ts", "TypeScript", 0, 0, 0, 40, 0, 0, 0, 0, 0, 0, 0, 0, 0, 0, 0, 0, 5, 13, 58
"c:\Users\omnora\OneDrive\Desktop\new_system\omnora-prime-v13\src\app\api\heartbeat\route.ts", "TypeScript", 0, 0, 0, 23, 0, 0, 0, 0, 0, 0, 0, 0, 0, 0, 0, 0, 0, 6, 29
"c:\Users\omnora\OneDrive\Desktop\new_system\omnora-prime-v13\src\app\api\hub\devices\revoke\route.ts", "TypeScript", 0, 0, 0, 59, 0, 0, 0, 0, 0, 0, 0, 0, 0, 0, 0, 0, 3, 9, 71
"c:\Users\omnora\OneDrive\Desktop\new_system\omnora-prime-v13\src\app\api\hub\devices\route.ts", "TypeScript", 0, 0, 0, 30, 0, 0, 0, 0, 0, 0, 0, 0, 0, 0, 0, 0, 0, 5, 35
"c:\Users\omnora\OneDrive\Desktop\new_system\omnora-prime-v13\src\app\api\hub\info\route.ts", "TypeScript", 0, 0, 0, 37, 0, 0, 0, 0, 0, 0, 0, 0, 0, 0, 0, 0, 0, 6, 43
"c:\Users\omnora\OneDrive\Desktop\new_system\omnora-prime-v13\src\app\api\hub\tunnel-status\route.ts", "TypeScript", 0, 0, 0, 53, 0, 0, 0, 0, 0, 0, 0, 0, 0, 0, 0, 0, 8, 8, 69
"c:\Users\omnora\OneDrive\Desktop\new_system\omnora-prime-v13\src\app\api\internal\backup\route.ts", "TypeScript", 0, 0, 0, 266, 0, 0, 0, 0, 0, 0, 0, 0, 0, 0, 0, 0, 9, 35, 310
"c:\Users\omnora\OneDrive\Desktop\new_system\omnora-prime-v13\src\app\api\internal\sync\route.ts", "TypeScript", 0, 0, 0, 35, 0, 0, 0, 0, 0, 0, 0, 0, 0, 0, 0, 0, 0, 5, 40
"c:\Users\omnora\OneDrive\Desktop\new_system\omnora-prime-v13\src\app\api\invoices\route.ts", "TypeScript", 0, 0, 0, 111, 0, 0, 0, 0, 0, 0, 0, 0, 0, 0, 0, 0, 5, 15, 131
"c:\Users\omnora\OneDrive\Desktop\new_system\omnora-prime-v13\src\app\api\karigars\route.ts", "TypeScript", 0, 0, 0, 138, 0, 0, 0, 0, 0, 0, 0, 0, 0, 0, 0, 0, 0, 39, 177
"c:\Users\omnora\OneDrive\Desktop\new_system\omnora-prime-v13\src\app\api\license\activate\route.ts", "TypeScript", 0, 0, 0, 297, 0, 0, 0, 0, 0, 0, 0, 0, 0, 0, 0, 0, 19, 46, 362
"c:\Users\omnora\OneDrive\Desktop\new_system\omnora-prime-v13\src\app\api\license\issue\route.ts", "TypeScript", 0, 0, 0, 89, 0, 0, 0, 0, 0, 0, 0, 0, 0, 0, 0, 0, 2, 13, 104
"c:\Users\omnora\OneDrive\Desktop\new_system\omnora-prime-v13\src\app\api\messaging\events\route.ts", "TypeScript", 0, 0, 0, 34, 0, 0, 0, 0, 0, 0, 0, 0, 0, 0, 0, 0, 1, 9, 44
"c:\Users\omnora\OneDrive\Desktop\new_system\omnora-prime-v13\src\app\api\messaging\route.ts", "TypeScript", 0, 0, 0, 62, 0, 0, 0, 0, 0, 0, 0, 0, 0, 0, 0, 0, 2, 11, 75
"c:\Users\omnora\OneDrive\Desktop\new_system\omnora-prime-v13\src\app\api\payroll\route.ts", "TypeScript", 0, 0, 0, 100, 0, 0, 0, 0, 0, 0, 0, 0, 0, 0, 0, 0, 6, 23, 129
"c:\Users\omnora\OneDrive\Desktop\new_system\omnora-prime-v13\src\app\api\portal\generate\route.ts", "TypeScript", 0, 0, 0, 87, 0, 0, 0, 0, 0, 0, 0, 0, 0, 0, 0, 0, 3, 19, 109
"c:\Users\omnora\OneDrive\Desktop\new_system\omnora-prime-v13\src\app\api\portal\revoke\route.ts", "TypeScript", 0, 0, 0, 35, 0, 0, 0, 0, 0, 0, 0, 0, 0, 0, 0, 0, 0, 6, 41
"c:\Users\omnora\OneDrive\Desktop\new_system\omnora-prime-v13\src\app\api\portal\sessions\route.ts", "TypeScript", 0, 0, 0, 36, 0, 0, 0, 0, 0, 0, 0, 0, 0, 0, 0, 0, 1, 7, 44
"c:\Users\omnora\OneDrive\Desktop\new_system\omnora-prime-v13\src\app\api\portal\verify\route.ts", "TypeScript", 0, 0, 0, 66, 0, 0, 0, 0, 0, 0, 0, 0, 0, 0, 0, 0, 8, 15, 89
"c:\Users\omnora\OneDrive\Desktop\new_system\omnora-prime-v13\src\app\api\sentinel\recording-complete\route.ts", "TypeScript", 0, 0, 0, 27, 0, 0, 0, 0, 0, 0, 0, 0, 0, 0, 0, 0, 0, 7, 34
"c:\Users\omnora\OneDrive\Desktop\new_system\omnora-prime-v13\src\app\api\sentinel\recording-started\route.ts", "TypeScript", 0, 0, 0, 27, 0, 0, 0, 0, 0, 0, 0, 0, 0, 0, 0, 0, 0, 7, 34
"c:\Users\omnora\OneDrive\Desktop\new_system\omnora-prime-v13\src\app\api\settings\route.ts", "TypeScript", 0, 0, 0, 138, 0, 0, 0, 0, 0, 0, 0, 0, 0, 0, 0, 0, 0, 14, 152
"c:\Users\omnora\OneDrive\Desktop\new_system\omnora-prime-v13\src\app\api\staff\invite\route.ts", "TypeScript", 0, 0, 0, 160, 0, 0, 0, 0, 0, 0, 0, 0, 0, 0, 0, 0, 9, 32, 201
"c:\Users\omnora\OneDrive\Desktop\new_system\omnora-prime-v13\src\app\api\startup\route.ts", "TypeScript", 0, 0, 0, 25, 0, 0, 0, 0, 0, 0, 0, 0, 0, 0, 0, 0, 1, 5, 31
"c:\Users\omnora\OneDrive\Desktop\new_system\omnora-prime-v13\src\app\api\stock\[skuId]\route.ts", "TypeScript", 0, 0, 0, 46, 0, 0, 0, 0, 0, 0, 0, 0, 0, 0, 0, 0, 4, 11, 61
"c:\Users\omnora\OneDrive\Desktop\new_system\omnora-prime-v13\src\app\api\sync\status\route.ts", "TypeScript", 0, 0, 0, 35, 0, 0, 0, 0, 0, 0, 0, 0, 0, 0, 0, 0, 4, 7, 46
"c:\Users\omnora\OneDrive\Desktop\new_system\omnora-prime-v13\src\app\api\webhooks\easypaisa\route.ts", "TypeScript", 0, 0, 0, 52, 0, 0, 0, 0, 0, 0, 0, 0, 0, 0, 0, 0, 7, 15, 74
"c:\Users\omnora\OneDrive\Desktop\new_system\omnora-prime-v13\src\app\api\webhooks\jazzcash\route.ts", "TypeScript", 0, 0, 0, 57, 0, 0, 0, 0, 0, 0, 0, 0, 0, 0, 0, 0, 6, 16, 79
"c:\Users\omnora\OneDrive\Desktop\new_system\omnora-prime-v13\src\app\api\webhooks\stripe\route.ts", "TypeScript", 0, 0, 0, 63, 0, 0, 0, 0, 0, 0, 0, 0, 0, 0, 0, 0, 7, 14, 84
"c:\Users\omnora\OneDrive\Desktop\new_system\omnora-prime-v13\src\app\artisans\loading.tsx", "TypeScript JSX", 0, 0, 0, 0, 0, 0, 0, 0, 0, 0, 0, 47, 0, 0, 0, 0, 4, 5, 56
"c:\Users\omnora\OneDrive\Desktop\new_system\omnora-prime-v13\src\app\artisans\page.tsx", "TypeScript JSX", 0, 0, 0, 0, 0, 0, 0, 0, 0, 0, 0, 4, 0, 0, 0, 0, 0, 2, 6
"c:\Users\omnora\OneDrive\Desktop\new_system\omnora-prime-v13\src\app\audit\[sessionId]\layout.tsx", "TypeScript JSX", 0, 0, 0, 0, 0, 0, 0, 0, 0, 0, 0, 6, 0, 0, 0, 0, 0, 2, 8
"c:\Users\omnora\OneDrive\Desktop\new_system\omnora-prime-v13\src\app\audit\[sessionId]\loading.tsx", "TypeScript JSX", 0, 0, 0, 0, 0, 0, 0, 0, 0, 0, 0, 47, 0, 0, 0, 0, 4, 5, 56
"c:\Users\omnora\OneDrive\Desktop\new_system\omnora-prime-v13\src\app\audit\[sessionId]\page.tsx", "TypeScript JSX", 0, 0, 0, 0, 0, 0, 0, 0, 0, 0, 0, 300, 0, 0, 0, 0, 13, 33, 346
"c:\Users\omnora\OneDrive\Desktop\new_system\omnora-prime-v13\src\app\audit\loading.tsx", "TypeScript JSX", 0, 0, 0, 0, 0, 0, 0, 0, 0, 0, 0, 47, 0, 0, 0, 0, 4, 5, 56
"c:\Users\omnora\OneDrive\Desktop\new_system\omnora-prime-v13\src\app\audit\page.tsx", "TypeScript JSX", 0, 0, 0, 0, 0, 0, 0, 0, 0, 0, 0, 397, 0, 0, 0, 0, 27, 32, 456
"c:\Users\omnora\OneDrive\Desktop\new_system\omnora-prime-v13\src\app\batches\loading.tsx", "TypeScript JSX", 0, 0, 0, 0, 0, 0, 0, 0, 0, 0, 0, 47, 0, 0, 0, 0, 4, 5, 56
"c:\Users\omnora\OneDrive\Desktop\new_system\omnora-prime-v13\src\app\batches\page.tsx", "TypeScript JSX", 0, 0, 0, 0, 0, 0, 0, 0, 0, 0, 0, 4, 0, 0, 0, 0, 0, 2, 6
"c:\Users\omnora\OneDrive\Desktop\new_system\omnora-prime-v13\src\app\blog\BlogListingClient.tsx", "TypeScript JSX", 0, 0, 0, 0, 0, 0, 0, 0, 0, 0, 0, 208, 0, 0, 0, 0, 14, 25, 247
"c:\Users\omnora\OneDrive\Desktop\new_system\omnora-prime-v13\src\app\blog\[slug]\loading.tsx", "TypeScript JSX", 0, 0, 0, 0, 0, 0, 0, 0, 0, 0, 0, 47, 0, 0, 0, 0, 4, 5, 56
"c:\Users\omnora\OneDrive\Desktop\new_system\omnora-prime-v13\src\app\blog\[slug]\page.tsx", "TypeScript JSX", 0, 0, 0, 0, 0, 0, 0, 0, 0, 0, 0, 201, 0, 0, 0, 0, 11, 19, 231
"c:\Users\omnora\OneDrive\Desktop\new_system\omnora-prime-v13\src\app\blog\loading.tsx", "TypeScript JSX", 0, 0, 0, 0, 0, 0, 0, 0, 0, 0, 0, 47, 0, 0, 0, 0, 4, 5, 56
"c:\Users\omnora\OneDrive\Desktop\new_system\omnora-prime-v13\src\app\blog\page.tsx", "TypeScript JSX", 0, 0, 0, 0, 0, 0, 0, 0, 0, 0, 0, 106, 0, 0, 0, 0, 7, 12, 125
"c:\Users\omnora\OneDrive\Desktop\new_system\omnora-prime-v13\src\app\blog\posts\best-erp-software-pakistan.ts", "TypeScript", 0, 0, 0, 58, 0, 0, 0, 0, 0, 0, 0, 0, 0, 0, 0, 0, 0, 29, 87
"c:\Users\omnora\OneDrive\Desktop\new_system\omnora-prime-v13\src\app\blog\posts\factory-software-uae.ts", "TypeScript", 0, 0, 0, 38, 0, 0, 0, 0, 0, 0, 0, 0, 0, 0, 0, 0, 0, 14, 52
"c:\Users\omnora\OneDrive\Desktop\new_system\omnora-prime-v13\src\app\blog\posts\index.ts", "TypeScript", 0, 0, 0, 7, 0, 0, 0, 0, 0, 0, 0, 0, 0, 0, 0, 0, 0, 2, 9
"c:\Users\omnora\OneDrive\Desktop\new_system\omnora-prime-v13\src\app\blog\posts\karigar-management.ts", "TypeScript", 0, 0, 0, 43, 0, 0, 0, 0, 0, 0, 0, 0, 0, 0, 0, 0, 0, 16, 59
"c:\Users\omnora\OneDrive\Desktop\new_system\omnora-prime-v13\src\app\blog\posts\offline-erp-load-shedding.ts", "TypeScript", 0, 0, 0, 39, 0, 0, 0, 0, 0, 0, 0, 0, 0, 0, 0, 0, 0, 16, 55
"c:\Users\omnora\OneDrive\Desktop\new_system\omnora-prime-v13\src\app\blog\posts\offline-first-erp-emerging-markets.ts", "TypeScript", 0, 0, 0, 53, 0, 0, 0, 0, 0, 0, 0, 0, 0, 0, 0, 0, 0, 15, 68
"c:\Users\omnora\OneDrive\Desktop\new_system\omnora-prime-v13\src\app\blog\posts\vs-tallyprime.ts", "TypeScript", 0, 0, 0, 45, 0, 0, 0, 0, 0, 0, 0, 0, 0, 0, 0, 0, 0, 15, 60
"c:\Users\omnora\OneDrive\Desktop\new_system\omnora-prime-v13\src\app\calculators\loading.tsx", "TypeScript JSX", 0, 0, 0, 0, 0, 0, 0, 0, 0, 0, 0, 47, 0, 0, 0, 0, 4, 5, 56
"c:\Users\omnora\OneDrive\Desktop\new_system\omnora-prime-v13\src\app\calculators\page.tsx", "TypeScript JSX", 0, 0, 0, 0, 0, 0, 0, 0, 0, 0, 0, 1373, 0, 0, 0, 0, 89, 129, 1591
"c:\Users\omnora\OneDrive\Desktop\new_system\omnora-prime-v13\src\app\cashflow\loading.tsx", "TypeScript JSX", 0, 0, 0, 0, 0, 0, 0, 0, 0, 0, 0, 47, 0, 0, 0, 0, 4, 5, 56
"c:\Users\omnora\OneDrive\Desktop\new_system\omnora-prime-v13\src\app\cashflow\page.tsx", "TypeScript JSX", 0, 0, 0, 0, 0, 0, 0, 0, 0, 0, 0, 472, 0, 0, 0, 0, 6, 36, 514
"c:\Users\omnora\OneDrive\Desktop\new_system\omnora-prime-v13\src\app\cctv\cameras\loading.tsx", "TypeScript JSX", 0, 0, 0, 0, 0, 0, 0, 0, 0, 0, 0, 47, 0, 0, 0, 0, 4, 5, 56
"c:\Users\omnora\OneDrive\Desktop\new_system\omnora-prime-v13\src\app\cctv\cameras\new\loading.tsx", "TypeScript JSX", 0, 0, 0, 0, 0, 0, 0, 0, 0, 0, 0, 47, 0, 0, 0, 0, 4, 5, 56
"c:\Users\omnora\OneDrive\Desktop\new_system\omnora-prime-v13\src\app\cctv\cameras\new\page.tsx", "TypeScript JSX", 0, 0, 0, 0, 0, 0, 0, 0, 0, 0, 0, 278, 0, 0, 0, 0, 3, 23, 304
"c:\Users\omnora\OneDrive\Desktop\new_system\omnora-prime-v13\src\app\cctv\cameras\page.tsx", "TypeScript JSX", 0, 0, 0, 0, 0, 0, 0, 0, 0, 0, 0, 322, 0, 0, 0, 0, 6, 22, 350
"c:\Users\omnora\OneDrive\Desktop\new_system\omnora-prime-v13\src\app\cctv\detections\loading.tsx", "TypeScript JSX", 0, 0, 0, 0, 0, 0, 0, 0, 0, 0, 0, 47, 0, 0, 0, 0, 4, 5, 56
"c:\Users\omnora\OneDrive\Desktop\new_system\omnora-prime-v13\src\app\cctv\detections\page.tsx", "TypeScript JSX", 0, 0, 0, 0, 0, 0, 0, 0, 0, 0, 0, 178, 0, 0, 0, 0, 3, 11, 192
"c:\Users\omnora\OneDrive\Desktop\new_system\omnora-prime-v13\src\app\cctv\loading.tsx", "TypeScript JSX", 0, 0, 0, 0, 0, 0, 0, 0, 0, 0, 0, 47, 0, 0, 0, 0, 4, 5, 56
"c:\Users\omnora\OneDrive\Desktop\new_system\omnora-prime-v13\src\app\cctv\page.tsx", "TypeScript JSX", 0, 0, 0, 0, 0, 0, 0, 0, 0, 0, 0, 293, 0, 0, 0, 0, 17, 26, 336
"c:\Users\omnora\OneDrive\Desktop\new_system\omnora-prime-v13\src\app\changelog\loading.tsx", "TypeScript JSX", 0, 0, 0, 0, 0, 0, 0, 0, 0, 0, 0, 47, 0, 0, 0, 0, 4, 5, 56
"c:\Users\omnora\OneDrive\Desktop\new_system\omnora-prime-v13\src\app\changelog\page.tsx", "TypeScript JSX", 0, 0, 0, 0, 0, 0, 0, 0, 0, 0, 0, 126, 0, 0, 0, 0, 2, 8, 136
"c:\Users\omnora\OneDrive\Desktop\new_system\omnora-prime-v13\src\app\compare\loading.tsx", "TypeScript JSX", 0, 0, 0, 0, 0, 0, 0, 0, 0, 0, 0, 47, 0, 0, 0, 0, 4, 5, 56
"c:\Users\omnora\OneDrive\Desktop\new_system\omnora-prime-v13\src\app\compare\page.tsx", "TypeScript JSX", 0, 0, 0, 0, 0, 0, 0, 0, 0, 0, 0, 84, 0, 0, 0, 0, 3, 5, 92
"c:\Users\omnora\OneDrive\Desktop\new_system\omnora-prime-v13\src\app\compare\vs-marg-erp\loading.tsx", "TypeScript JSX", 0, 0, 0, 0, 0, 0, 0, 0, 0, 0, 0, 47, 0, 0, 0, 0, 4, 5, 56
"c:\Users\omnora\OneDrive\Desktop\new_system\omnora-prime-v13\src\app\compare\vs-marg-erp\page.tsx", "TypeScript JSX", 0, 0, 0, 0, 0, 0, 0, 0, 0, 0, 0, 110, 0, 0, 0, 0, 4, 10, 124
"c:\Users\omnora\OneDrive\Desktop\new_system\omnora-prime-v13\src\app\compare\vs-tallyprime\loading.tsx", "TypeScript JSX", 0, 0, 0, 0, 0, 0, 0, 0, 0, 0, 0, 47, 0, 0, 0, 0, 4, 5, 56
"c:\Users\omnora\OneDrive\Desktop\new_system\omnora-prime-v13\src\app\compare\vs-tallyprime\page.tsx", "TypeScript JSX", 0, 0, 0, 0, 0, 0, 0, 0, 0, 0, 0, 167, 0, 0, 0, 0, 5, 13, 185
"c:\Users\omnora\OneDrive\Desktop\new_system\omnora-prime-v13\src\app\compare\vs-vyapar\loading.tsx", "TypeScript JSX", 0, 0, 0, 0, 0, 0, 0, 0, 0, 0, 0, 47, 0, 0, 0, 0, 4, 5, 56
"c:\Users\omnora\OneDrive\Desktop\new_system\omnora-prime-v13\src\app\compare\vs-vyapar\page.tsx", "TypeScript JSX", 0, 0, 0, 0, 0, 0, 0, 0, 0, 0, 0, 111, 0, 0, 0, 0, 4, 10, 125
"c:\Users\omnora\OneDrive\Desktop\new_system\omnora-prime-v13\src\app\compliance\layout.tsx", "TypeScript JSX", 0, 0, 0, 0, 0, 0, 0, 0, 0, 0, 0, 4, 0, 0, 0, 0, 1, 2, 7
"c:\Users\omnora\OneDrive\Desktop\new_system\omnora-prime-v13\src\app\compliance\loading.tsx", "TypeScript JSX", 0, 0, 0, 0, 0, 0, 0, 0, 0, 0, 0, 47, 0, 0, 0, 0, 4, 5, 56
"c:\Users\omnora\OneDrive\Desktop\new_system\omnora-prime-v13\src\app\compliance\page.tsx", "TypeScript JSX", 0, 0, 0, 0, 0, 0, 0, 0, 0, 0, 0, 266, 0, 0, 0, 0, 3, 21, 290
"c:\Users\omnora\OneDrive\Desktop\new_system\omnora-prime-v13\src\app\converters\loading.tsx", "TypeScript JSX", 0, 0, 0, 0, 0, 0, 0, 0, 0, 0, 0, 47, 0, 0, 0, 0, 4, 5, 56
"c:\Users\omnora\OneDrive\Desktop\new_system\omnora-prime-v13\src\app\converters\page.tsx", "TypeScript JSX", 0, 0, 0, 0, 0, 0, 0, 0, 0, 0, 0, 450, 0, 0, 0, 0, 2, 58, 510
"c:\Users\omnora\OneDrive\Desktop\new_system\omnora-prime-v13\src\app\dashboard\loading.tsx", "TypeScript JSX", 0, 0, 0, 0, 0, 0, 0, 0, 0, 0, 0, 47, 0, 0, 0, 0, 4, 5, 56
"c:\Users\omnora\OneDrive\Desktop\new_system\omnora-prime-v13\src\app\dashboard\login\loading.tsx", "TypeScript JSX", 0, 0, 0, 0, 0, 0, 0, 0, 0, 0, 0, 47, 0, 0, 0, 0, 4, 5, 56
"c:\Users\omnora\OneDrive\Desktop\new_system\omnora-prime-v13\src\app\dashboard\login\page.tsx", "TypeScript JSX", 0, 0, 0, 0, 0, 0, 0, 0, 0, 0, 0, 147, 0, 0, 0, 0, 6, 17, 170
"c:\Users\omnora\OneDrive\Desktop\new_system\omnora-prime-v13\src\app\dashboard\page.tsx", "TypeScript JSX", 0, 0, 0, 0, 0, 0, 0, 0, 0, 0, 0, 800, 0, 0, 0, 0, 38, 78, 916
"c:\Users\omnora\OneDrive\Desktop\new_system\omnora-prime-v13\src\app\dealers\loading.tsx", "TypeScript JSX", 0, 0, 0, 0, 0, 0, 0, 0, 0, 0, 0, 47, 0, 0, 0, 0, 4, 5, 56
"c:\Users\omnora\OneDrive\Desktop\new_system\omnora-prime-v13\src\app\dealers\page.tsx", "TypeScript JSX", 0, 0, 0, 0, 0, 0, 0, 0, 0, 0, 0, 4, 0, 0, 0, 0, 0, 2, 6
"c:\Users\omnora\OneDrive\Desktop\new_system\omnora-prime-v13\src\app\dispatch\loading.tsx", "TypeScript JSX", 0, 0, 0, 0, 0, 0, 0, 0, 0, 0, 0, 47, 0, 0, 0, 0, 4, 5, 56
"c:\Users\omnora\OneDrive\Desktop\new_system\omnora-prime-v13\src\app\dispatch\page.tsx", "TypeScript JSX", 0, 0, 0, 0, 0, 0, 0, 0, 0, 0, 0, 608, 0, 0, 0, 0, 15, 50, 673
"c:\Users\omnora\OneDrive\Desktop\new_system\omnora-prime-v13\src\app\docs\layout.tsx", "TypeScript JSX", 0, 0, 0, 0, 0, 0, 0, 0, 0, 0, 0, 4, 0, 0, 0, 0, 0, 2, 6
"c:\Users\omnora\OneDrive\Desktop\new_system\omnora-prime-v13\src\app\docs\loading.tsx", "TypeScript JSX", 0, 0, 0, 0, 0, 0, 0, 0, 0, 0, 0, 47, 0, 0, 0, 0, 4, 5, 56
"c:\Users\omnora\OneDrive\Desktop\new_system\omnora-prime-v13\src\app\docs\page.tsx", "TypeScript JSX", 0, 0, 0, 0, 0, 0, 0, 0, 0, 0, 0, 535, 0, 0, 0, 0, 22, 44, 601
"c:\Users\omnora\OneDrive\Desktop\new_system\omnora-prime-v13\src\app\download\[channel]\[version]\route.ts", "TypeScript", 0, 0, 0, 7, 0, 0, 0, 0, 0, 0, 0, 0, 0, 0, 0, 0, 0, 3, 10
"c:\Users\omnora\OneDrive\Desktop\new_system\omnora-prime-v13\src\app\download\[channel]\layout.tsx", "TypeScript JSX", 0, 0, 0, 0, 0, 0, 0, 0, 0, 0, 0, 6, 0, 0, 0, 0, 0, 2, 8
"c:\Users\omnora\OneDrive\Desktop\new_system\omnora-prime-v13\src\app\download\loading.tsx", "TypeScript JSX", 0, 0, 0, 0, 0, 0, 0, 0, 0, 0, 0, 47, 0, 0, 0, 0, 4, 5, 56
"c:\Users\omnora\OneDrive\Desktop\new_system\omnora-prime-v13\src\app\download\page.tsx", "TypeScript JSX", 0, 0, 0, 0, 0, 0, 0, 0, 0, 0, 0, 290, 0, 0, 0, 0, 9, 26, 325
"c:\Users\omnora\OneDrive\Desktop\new_system\omnora-prime-v13\src\app\error.tsx", "TypeScript JSX", 0, 0, 0, 0, 0, 0, 0, 0, 0, 0, 0, 45, 0, 0, 0, 0, 0, 3, 48
"c:\Users\omnora\OneDrive\Desktop\new_system\omnora-prime-v13\src\app\export\loading.tsx", "TypeScript JSX", 0, 0, 0, 0, 0, 0, 0, 0, 0, 0, 0, 47, 0, 0, 0, 0, 4, 5, 56
"c:\Users\omnora\OneDrive\Desktop\new_system\omnora-prime-v13\src\app\export\page.tsx", "TypeScript JSX", 0, 0, 0, 0, 0, 0, 0, 0, 0, 0, 0, 192, 0, 0, 0, 0, 6, 21, 219
"c:\Users\omnora\OneDrive\Desktop\new_system\omnora-prime-v13\src\app\features\loading.tsx", "TypeScript JSX", 0, 0, 0, 0, 0, 0, 0, 0, 0, 0, 0, 47, 0, 0, 0, 0, 4, 5, 56
"c:\Users\omnora\OneDrive\Desktop\new_system\omnora-prime-v13\src\app\features\multi-branch\loading.tsx", "TypeScript JSX", 0, 0, 0, 0, 0, 0, 0, 0, 0, 0, 0, 47, 0, 0, 0, 0, 4, 5, 56
"c:\Users\omnora\OneDrive\Desktop\new_system\omnora-prime-v13\src\app\features\multi-branch\page.tsx", "TypeScript JSX", 0, 0, 0, 0, 0, 0, 0, 0, 0, 0, 0, 214, 0, 0, 0, 0, 8, 17, 239
"c:\Users\omnora\OneDrive\Desktop\new_system\omnora-prime-v13\src\app\features\page.tsx", "TypeScript JSX", 0, 0, 0, 0, 0, 0, 0, 0, 0, 0, 0, 447, 0, 0, 0, 0, 7, 26, 480
"c:\Users\omnora\OneDrive\Desktop\new_system\omnora-prime-v13\src\app\file-morph\DataMigrationStudio.tsx", "TypeScript JSX", 0, 0, 0, 0, 0, 0, 0, 0, 0, 0, 0, 225, 0, 0, 0, 0, 8, 22, 255
"c:\Users\omnora\OneDrive\Desktop\new_system\omnora-prime-v13\src\app\file-morph\DocumentConverter.tsx", "TypeScript JSX", 0, 0, 0, 0, 0, 0, 0, 0, 0, 0, 0, 771, 0, 0, 0, 0, 23, 38, 832
"c:\Users\omnora\OneDrive\Desktop\new_system\omnora-prime-v13\src\app\file-morph\loading.tsx", "TypeScript JSX", 0, 0, 0, 0, 0, 0, 0, 0, 0, 0, 0, 47, 0, 0, 0, 0, 4, 5, 56
"c:\Users\omnora\OneDrive\Desktop\new_system\omnora-prime-v13\src\app\file-morph\page.tsx", "TypeScript JSX", 0, 0, 0, 0, 0, 0, 0, 0, 0, 0, 0, 75, 0, 0, 0, 0, 3, 8, 86
"c:\Users\omnora\OneDrive\Desktop\new_system\omnora-prime-v13\src\app\finance\loading.tsx", "TypeScript JSX", 0, 0, 0, 0, 0, 0, 0, 0, 0, 0, 0, 47, 0, 0, 0, 0, 4, 5, 56
"c:\Users\omnora\OneDrive\Desktop\new_system\omnora-prime-v13\src\app\finance\page.tsx", "TypeScript JSX", 0, 0, 0, 0, 0, 0, 0, 0, 0, 0, 0, 567, 0, 0, 0, 0, 18, 63, 648
"c:\Users\omnora\OneDrive\Desktop\new_system\omnora-prime-v13\src\app\fleet\loading.tsx", "TypeScript JSX", 0, 0, 0, 0, 0, 0, 0, 0, 0, 0, 0, 47, 0, 0, 0, 0, 4, 5, 56
"c:\Users\omnora\OneDrive\Desktop\new_system\omnora-prime-v13\src\app\fleet\page.tsx", "TypeScript JSX", 0, 0, 0, 0, 0, 0, 0, 0, 0, 0, 0, 238, 0, 0, 0, 0, 7, 23, 268
"c:\Users\omnora\OneDrive\Desktop\new_system\omnora-prime-v13\src\app\foresight\loading.tsx", "TypeScript JSX", 0, 0, 0, 0, 0, 0, 0, 0, 0, 0, 0, 47, 0, 0, 0, 0, 4, 5, 56
"c:\Users\omnora\OneDrive\Desktop\new_system\omnora-prime-v13\src\app\foresight\page.tsx", "TypeScript JSX", 0, 0, 0, 0, 0, 0, 0, 0, 0, 0, 0, 328, 0, 0, 0, 0, 11, 24, 363
"c:\Users\omnora\OneDrive\Desktop\new_system\omnora-prime-v13\src\app\fulfillment\loading.tsx", "TypeScript JSX", 0, 0, 0, 0, 0, 0, 0, 0, 0, 0, 0, 47, 0, 0, 0, 0, 4, 5, 56
"c:\Users\omnora\OneDrive\Desktop\new_system\omnora-prime-v13\src\app\fulfillment\page.tsx", "TypeScript JSX", 0, 0, 0, 0, 0, 0, 0, 0, 0, 0, 0, 4, 0, 0, 0, 0, 0, 2, 6
"c:\Users\omnora\OneDrive\Desktop\new_system\omnora-prime-v13\src\app\generators\barcode\loading.tsx", "TypeScript JSX", 0, 0, 0, 0, 0, 0, 0, 0, 0, 0, 0, 47, 0, 0, 0, 0, 4, 5, 56
"c:\Users\omnora\OneDrive\Desktop\new_system\omnora-prime-v13\src\app\generators\barcode\page.tsx", "TypeScript JSX", 0, 0, 0, 0, 0, 0, 0, 0, 0, 0, 0, 245, 0, 0, 0, 0, 3, 28, 276
"c:\Users\omnora\OneDrive\Desktop\new_system\omnora-prime-v13\src\app\generators\export-docs\loading.tsx", "TypeScript JSX", 0, 0, 0, 0, 0, 0, 0, 0, 0, 0, 0, 47, 0, 0, 0, 0, 4, 5, 56
"c:\Users\omnora\OneDrive\Desktop\new_system\omnora-prime-v13\src\app\generators\export-docs\page.tsx", "TypeScript JSX", 0, 0, 0, 0, 0, 0, 0, 0, 0, 0, 0, 304, 0, 0, 0, 0, 4, 25, 333
"c:\Users\omnora\OneDrive\Desktop\new_system\omnora-prime-v13\src\app\generators\invoice\loading.tsx", "TypeScript JSX", 0, 0, 0, 0, 0, 0, 0, 0, 0, 0, 0, 47, 0, 0, 0, 0, 4, 5, 56
"c:\Users\omnora\OneDrive\Desktop\new_system\omnora-prime-v13\src\app\generators\invoice\page.tsx", "TypeScript JSX", 0, 0, 0, 0, 0, 0, 0, 0, 0, 0, 0, 597, 0, 0, 0, 0, 13, 33, 643
"c:\Users\omnora\OneDrive\Desktop\new_system\omnora-prime-v13\src\app\generators\label\loading.tsx", "TypeScript JSX", 0, 0, 0, 0, 0, 0, 0, 0, 0, 0, 0, 47, 0, 0, 0, 0, 4, 5, 56
"c:\Users\omnora\OneDrive\Desktop\new_system\omnora-prime-v13\src\app\generators\label\page.tsx", "TypeScript JSX", 0, 0, 0, 0, 0, 0, 0, 0, 0, 0, 0, 275, 0, 0, 0, 0, 4, 27, 306
"c:\Users\omnora\OneDrive\Desktop\new_system\omnora-prime-v13\src\app\generators\loading.tsx", "TypeScript JSX", 0, 0, 0, 0, 0, 0, 0, 0, 0, 0, 0, 47, 0, 0, 0, 0, 4, 5, 56
"c:\Users\omnora\OneDrive\Desktop\new_system\omnora-prime-v13\src\app\generators\page.tsx", "TypeScript JSX", 0, 0, 0, 0, 0, 0, 0, 0, 0, 0, 0, 125, 0, 0, 0, 0, 1, 15, 141
"c:\Users\omnora\OneDrive\Desktop\new_system\omnora-prime-v13\src\app\generators\payslip\loading.tsx", "TypeScript JSX", 0, 0, 0, 0, 0, 0, 0, 0, 0, 0, 0, 47, 0, 0, 0, 0, 4, 5, 56
"c:\Users\omnora\OneDrive\Desktop\new_system\omnora-prime-v13\src\app\generators\payslip\page.tsx", "TypeScript JSX", 0, 0, 0, 0, 0, 0, 0, 0, 0, 0, 0, 460, 0, 0, 0, 0, 14, 36, 510
"c:\Users\omnora\OneDrive\Desktop\new_system\omnora-prime-v13\src\app\generators\purchase-order\loading.tsx", "TypeScript JSX", 0, 0, 0, 0, 0, 0, 0, 0, 0, 0, 0, 47, 0, 0, 0, 0, 4, 5, 56
"c:\Users\omnora\OneDrive\Desktop\new_system\omnora-prime-v13\src\app\generators\purchase-order\page.tsx", "TypeScript JSX", 0, 0, 0, 0, 0, 0, 0, 0, 0, 0, 0, 416, 0, 0, 0, 0, 6, 29, 451
"c:\Users\omnora\OneDrive\Desktop\new_system\omnora-prime-v13\src\app\generators\qr\loading.tsx", "TypeScript JSX", 0, 0, 0, 0, 0, 0, 0, 0, 0, 0, 0, 47, 0, 0, 0, 0, 4, 5, 56
"c:\Users\omnora\OneDrive\Desktop\new_system\omnora-prime-v13\src\app\generators\qr\page.tsx", "TypeScript JSX", 0, 0, 0, 0, 0, 0, 0, 0, 0, 0, 0, 438, 0, 0, 0, 0, 4, 28, 470
"c:\Users\omnora\OneDrive\Desktop\new_system\omnora-prime-v13\src\app\globals.css", "CSS", 0, 0, 0, 0, 0, 0, 0, 0, 0, 0, 0, 0, 0, 1022, 0, 0, 0, 187, 1209
"c:\Users\omnora\OneDrive\Desktop\new_system\omnora-prime-v13\src\app\import\loading.tsx", "TypeScript JSX", 0, 0, 0, 0, 0, 0, 0, 0, 0, 0, 0, 47, 0, 0, 0, 0, 4, 5, 56
"c:\Users\omnora\OneDrive\Desktop\new_system\omnora-prime-v13\src\app\import\page.tsx", "TypeScript JSX", 0, 0, 0, 0, 0, 0, 0, 0, 0, 0, 0, 690, 0, 0, 0, 0, 35, 61, 786
"c:\Users\omnora\OneDrive\Desktop\new_system\omnora-prime-v13\src\app\industries\garment\loading.tsx", "TypeScript JSX", 0, 0, 0, 0, 0, 0, 0, 0, 0, 0, 0, 47, 0, 0, 0, 0, 4, 5, 56
"c:\Users\omnora\OneDrive\Desktop\new_system\omnora-prime-v13\src\app\industries\garment\page.tsx", "TypeScript JSX", 0, 0, 0, 0, 0, 0, 0, 0, 0, 0, 0, 270, 0, 0, 0, 0, 6, 15, 291
"c:\Users\omnora\OneDrive\Desktop\new_system\omnora-prime-v13\src\app\industries\loading.tsx", "TypeScript JSX", 0, 0, 0, 0, 0, 0, 0, 0, 0, 0, 0, 47, 0, 0, 0, 0, 4, 5, 56
"c:\Users\omnora\OneDrive\Desktop\new_system\omnora-prime-v13\src\app\industries\medical\loading.tsx", "TypeScript JSX", 0, 0, 0, 0, 0, 0, 0, 0, 0, 0, 0, 47, 0, 0, 0, 0, 4, 5, 56
"c:\Users\omnora\OneDrive\Desktop\new_system\omnora-prime-v13\src\app\industries\medical\page.tsx", "TypeScript JSX", 0, 0, 0, 0, 0, 0, 0, 0, 0, 0, 0, 269, 0, 0, 0, 0, 6, 15, 290
"c:\Users\omnora\OneDrive\Desktop\new_system\omnora-prime-v13\src\app\industries\page.tsx", "TypeScript JSX", 0, 0, 0, 0, 0, 0, 0, 0, 0, 0, 0, 233, 0, 0, 0, 0, 7, 10, 250
"c:\Users\omnora\OneDrive\Desktop\new_system\omnora-prime-v13\src\app\industries\rice-mill\loading.tsx", "TypeScript JSX", 0, 0, 0, 0, 0, 0, 0, 0, 0, 0, 0, 47, 0, 0, 0, 0, 4, 5, 56
"c:\Users\omnora\OneDrive\Desktop\new_system\omnora-prime-v13\src\app\industries\rice-mill\page.tsx", "TypeScript JSX", 0, 0, 0, 0, 0, 0, 0, 0, 0, 0, 0, 325, 0, 0, 0, 0, 6, 16, 347
"c:\Users\omnora\OneDrive\Desktop\new_system\omnora-prime-v13\src\app\industries\textile\loading.tsx", "TypeScript JSX", 0, 0, 0, 0, 0, 0, 0, 0, 0, 0, 0, 47, 0, 0, 0, 0, 4, 5, 56
"c:\Users\omnora\OneDrive\Desktop\new_system\omnora-prime-v13\src\app\industries\textile\page.tsx", "TypeScript JSX", 0, 0, 0, 0, 0, 0, 0, 0, 0, 0, 0, 271, 0, 0, 0, 0, 6, 15, 292
"c:\Users\omnora\OneDrive\Desktop\new_system\omnora-prime-v13\src\app\intelligence\loading.tsx", "TypeScript JSX", 0, 0, 0, 0, 0, 0, 0, 0, 0, 0, 0, 47, 0, 0, 0, 0, 4, 5, 56
"c:\Users\omnora\OneDrive\Desktop\new_system\omnora-prime-v13\src\app\intelligence\page.tsx", "TypeScript JSX", 0, 0, 0, 0, 0, 0, 0, 0, 0, 0, 0, 274, 0, 0, 0, 0, 4, 15, 293
"c:\Users\omnora\OneDrive\Desktop\new_system\omnora-prime-v13\src\app\inventory\expiry\loading.tsx", "TypeScript JSX", 0, 0, 0, 0, 0, 0, 0, 0, 0, 0, 0, 47, 0, 0, 0, 0, 4, 5, 56
"c:\Users\omnora\OneDrive\Desktop\new_system\omnora-prime-v13\src\app\inventory\expiry\page.tsx", "TypeScript JSX", 0, 0, 0, 0, 0, 0, 0, 0, 0, 0, 0, 181, 0, 0, 0, 0, 4, 14, 199
"c:\Users\omnora\OneDrive\Desktop\new_system\omnora-prime-v13\src\app\inventory\import\loading.tsx", "TypeScript JSX", 0, 0, 0, 0, 0, 0, 0, 0, 0, 0, 0, 47, 0, 0, 0, 0, 4, 5, 56
"c:\Users\omnora\OneDrive\Desktop\new_system\omnora-prime-v13\src\app\inventory\import\page.tsx", "TypeScript JSX", 0, 0, 0, 0, 0, 0, 0, 0, 0, 0, 0, 384, 0, 0, 0, 0, 8, 47, 439
"c:\Users\omnora\OneDrive\Desktop\new_system\omnora-prime-v13\src\app\inventory\loading.tsx", "TypeScript JSX", 0, 0, 0, 0, 0, 0, 0, 0, 0, 0, 0, 52, 0, 0, 0, 0, 5, 5, 62
"c:\Users\omnora\OneDrive\Desktop\new_system\omnora-prime-v13\src\app\inventory\movements\page.tsx", "TypeScript JSX", 0, 0, 0, 0, 0, 0, 0, 0, 0, 0, 0, 521, 0, 0, 0, 0, 17, 43, 581
"c:\Users\omnora\OneDrive\Desktop\new_system\omnora-prime-v13\src\app\inventory\new\loading.tsx", "TypeScript JSX", 0, 0, 0, 0, 0, 0, 0, 0, 0, 0, 0, 47, 0, 0, 0, 0, 4, 5, 56
"c:\Users\omnora\OneDrive\Desktop\new_system\omnora-prime-v13\src\app\inventory\new\page.tsx", "TypeScript JSX", 0, 0, 0, 0, 0, 0, 0, 0, 0, 0, 0, 578, 0, 0, 0, 0, 40, 51, 669
"c:\Users\omnora\OneDrive\Desktop\new_system\omnora-prime-v13\src\app\inventory\page.tsx", "TypeScript JSX", 0, 0, 0, 0, 0, 0, 0, 0, 0, 0, 0, 1602, 0, 0, 0, 0, 60, 147, 1809
"c:\Users\omnora\OneDrive\Desktop\new_system\omnora-prime-v13\src\app\invoices\[id]\layout.tsx", "TypeScript JSX", 0, 0, 0, 0, 0, 0, 0, 0, 0, 0, 0, 6, 0, 0, 0, 0, 0, 2, 8
"c:\Users\omnora\OneDrive\Desktop\new_system\omnora-prime-v13\src\app\invoices\[id]\loading.tsx", "TypeScript JSX", 0, 0, 0, 0, 0, 0, 0, 0, 0, 0, 0, 47, 0, 0, 0, 0, 4, 5, 56
"c:\Users\omnora\OneDrive\Desktop\new_system\omnora-prime-v13\src\app\invoices\[id]\page.tsx", "TypeScript JSX", 0, 0, 0, 0, 0, 0, 0, 0, 0, 0, 0, 1182, 0, 0, 0, 0, 32, 89, 1303
"c:\Users\omnora\OneDrive\Desktop\new_system\omnora-prime-v13\src\app\invoices\loading.tsx", "TypeScript JSX", 0, 0, 0, 0, 0, 0, 0, 0, 0, 0, 0, 47, 0, 0, 0, 0, 4, 5, 56
"c:\Users\omnora\OneDrive\Desktop\new_system\omnora-prime-v13\src\app\invoices\new\loading.tsx", "TypeScript JSX", 0, 0, 0, 0, 0, 0, 0, 0, 0, 0, 0, 47, 0, 0, 0, 0, 4, 5, 56
"c:\Users\omnora\OneDrive\Desktop\new_system\omnora-prime-v13\src\app\invoices\new\page.tsx", "TypeScript JSX", 0, 0, 0, 0, 0, 0, 0, 0, 0, 0, 0, 1021, 0, 0, 0, 0, 49, 96, 1166
"c:\Users\omnora\OneDrive\Desktop\new_system\omnora-prime-v13\src\app\invoices\page.tsx", "TypeScript JSX", 0, 0, 0, 0, 0, 0, 0, 0, 0, 0, 0, 446, 0, 0, 0, 0, 5, 34, 485
"c:\Users\omnora\OneDrive\Desktop\new_system\omnora-prime-v13\src\app\invoices\recurring\loading.tsx", "TypeScript JSX", 0, 0, 0, 0, 0, 0, 0, 0, 0, 0, 0, 47, 0, 0, 0, 0, 4, 5, 56
"c:\Users\omnora\OneDrive\Desktop\new_system\omnora-prime-v13\src\app\invoices\recurring\new\loading.tsx", "TypeScript JSX", 0, 0, 0, 0, 0, 0, 0, 0, 0, 0, 0, 47, 0, 0, 0, 0, 4, 5, 56
"c:\Users\omnora\OneDrive\Desktop\new_system\omnora-prime-v13\src\app\invoices\recurring\new\page.tsx", "TypeScript JSX", 0, 0, 0, 0, 0, 0, 0, 0, 0, 0, 0, 151, 0, 0, 0, 0, 4, 17, 172
"c:\Users\omnora\OneDrive\Desktop\new_system\omnora-prime-v13\src\app\invoices\recurring\page.tsx", "TypeScript JSX", 0, 0, 0, 0, 0, 0, 0, 0, 0, 0, 0, 94, 0, 0, 0, 0, 0, 9, 103
"c:\Users\omnora\OneDrive\Desktop\new_system\omnora-prime-v13\src\app\karigars\[karigarId]\layout.tsx", "TypeScript JSX", 0, 0, 0, 0, 0, 0, 0, 0, 0, 0, 0, 6, 0, 0, 0, 0, 0, 2, 8
"c:\Users\omnora\OneDrive\Desktop\new_system\omnora-prime-v13\src\app\karigars\[karigarId]\loading.tsx", "TypeScript JSX", 0, 0, 0, 0, 0, 0, 0, 0, 0, 0, 0, 47, 0, 0, 0, 0, 4, 5, 56
"c:\Users\omnora\OneDrive\Desktop\new_system\omnora-prime-v13\src\app\karigars\[karigarId]\page.tsx", "TypeScript JSX", 0, 0, 0, 0, 0, 0, 0, 0, 0, 0, 0, 906, 0, 0, 0, 0, 26, 108, 1040
"c:\Users\omnora\OneDrive\Desktop\new_system\omnora-prime-v13\src\app\karigars\loading.tsx", "TypeScript JSX", 0, 0, 0, 0, 0, 0, 0, 0, 0, 0, 0, 59, 0, 0, 0, 0, 4, 5, 68
"c:\Users\omnora\OneDrive\Desktop\new_system\omnora-prime-v13\src\app\karigars\network\loading.tsx", "TypeScript JSX", 0, 0, 0, 0, 0, 0, 0, 0, 0, 0, 0, 47, 0, 0, 0, 0, 4, 5, 56
"c:\Users\omnora\OneDrive\Desktop\new_system\omnora-prime-v13\src\app\karigars\network\page.tsx", "TypeScript JSX", 0, 0, 0, 0, 0, 0, 0, 0, 0, 0, 0, 154, 0, 0, 0, 0, 6, 23, 183
"c:\Users\omnora\OneDrive\Desktop\new_system\omnora-prime-v13\src\app\karigars\new\loading.tsx", "TypeScript JSX", 0, 0, 0, 0, 0, 0, 0, 0, 0, 0, 0, 47, 0, 0, 0, 0, 4, 5, 56
"c:\Users\omnora\OneDrive\Desktop\new_system\omnora-prime-v13\src\app\karigars\new\page.tsx", "TypeScript JSX", 0, 0, 0, 0, 0, 0, 0, 0, 0, 0, 0, 664, 0, 0, 0, 0, 22, 53, 739
"c:\Users\omnora\OneDrive\Desktop\new_system\omnora-prime-v13\src\app\karigars\page.tsx", "TypeScript JSX", 0, 0, 0, 0, 0, 0, 0, 0, 0, 0, 0, 1420, 0, 0, 0, 0, 24, 116, 1560
"c:\Users\omnora\OneDrive\Desktop\new_system\omnora-prime-v13\src\app\karigars\shared\[identityId]\layout.tsx", "TypeScript JSX", 0, 0, 0, 0, 0, 0, 0, 0, 0, 0, 0, 6, 0, 0, 0, 0, 0, 2, 8
"c:\Users\omnora\OneDrive\Desktop\new_system\omnora-prime-v13\src\app\karigars\shared\[identityId]\loading.tsx", "TypeScript JSX", 0, 0, 0, 0, 0, 0, 0, 0, 0, 0, 0, 47, 0, 0, 0, 0, 4, 5, 56
"c:\Users\omnora\OneDrive\Desktop\new_system\omnora-prime-v13\src\app\karigars\shared\[identityId]\page.tsx", "TypeScript JSX", 0, 0, 0, 0, 0, 0, 0, 0, 0, 0, 0, 169, 0, 0, 0, 0, 9, 28, 206
"c:\Users\omnora\OneDrive\Desktop\new_system\omnora-prime-v13\src\app\khata\loading.tsx", "TypeScript JSX", 0, 0, 0, 0, 0, 0, 0, 0, 0, 0, 0, 47, 0, 0, 0, 0, 4, 5, 56
"c:\Users\omnora\OneDrive\Desktop\new_system\omnora-prime-v13\src\app\khata\page.tsx", "TypeScript JSX", 0, 0, 0, 0, 0, 0, 0, 0, 0, 0, 0, 979, 0, 0, 0, 0, 25, 72, 1076
"c:\Users\omnora\OneDrive\Desktop\new_system\omnora-prime-v13\src\app\layout.tsx", "TypeScript JSX", 0, 0, 0, 0, 0, 0, 0, 0, 0, 0, 0, 482, 0, 0, 0, 0, 22, 20, 524
"c:\Users\omnora\OneDrive\Desktop\new_system\omnora-prime-v13\src\app\ledger\loading.tsx", "TypeScript JSX", 0, 0, 0, 0, 0, 0, 0, 0, 0, 0, 0, 47, 0, 0, 0, 0, 4, 5, 56
"c:\Users\omnora\OneDrive\Desktop\new_system\omnora-prime-v13\src\app\ledger\page.tsx", "TypeScript JSX", 0, 0, 0, 0, 0, 0, 0, 0, 0, 0, 0, 4, 0, 0, 0, 0, 0, 1, 5
"c:\Users\omnora\OneDrive\Desktop\new_system\omnora-prime-v13\src\app\lens-legacy\history\loading.tsx", "TypeScript JSX", 0, 0, 0, 0, 0, 0, 0, 0, 0, 0, 0, 47, 0, 0, 0, 0, 4, 5, 56
"c:\Users\omnora\OneDrive\Desktop\new_system\omnora-prime-v13\src\app\lens-legacy\history\page.tsx", "TypeScript JSX", 0, 0, 0, 0, 0, 0, 0, 0, 0, 0, 0, 193, 0, 0, 0, 0, 3, 14, 210
"c:\Users\omnora\OneDrive\Desktop\new_system\omnora-prime-v13\src\app\lens-legacy\loading.tsx", "TypeScript JSX", 0, 0, 0, 0, 0, 0, 0, 0, 0, 0, 0, 47, 0, 0, 0, 0, 4, 5, 56
"c:\Users\omnora\OneDrive\Desktop\new_system\omnora-prime-v13\src\app\lens-legacy\page.tsx", "TypeScript JSX", 0, 0, 0, 0, 0, 0, 0, 0, 0, 0, 0, 613, 0, 0, 0, 0, 22, 65, 700
"c:\Users\omnora\OneDrive\Desktop\new_system\omnora-prime-v13\src\app\loading.tsx", "TypeScript JSX", 0, 0, 0, 0, 0, 0, 0, 0, 0, 0, 0, 10, 0, 0, 0, 0, 0, 3, 13
"c:\Users\omnora\OneDrive\Desktop\new_system\omnora-prime-v13\src\app\lock\loading.tsx", "TypeScript JSX", 0, 0, 0, 0, 0, 0, 0, 0, 0, 0, 0, 47, 0, 0, 0, 0, 4, 5, 56
"c:\Users\omnora\OneDrive\Desktop\new_system\omnora-prime-v13\src\app\lock\page.tsx", "TypeScript JSX", 0, 0, 0, 0, 0, 0, 0, 0, 0, 0, 0, 417, 0, 0, 0, 0, 18, 57, 492
"c:\Users\omnora\OneDrive\Desktop\new_system\omnora-prime-v13\src\app\mandi\loading.tsx", "TypeScript JSX", 0, 0, 0, 0, 0, 0, 0, 0, 0, 0, 0, 47, 0, 0, 0, 0, 4, 5, 56
"c:\Users\omnora\OneDrive\Desktop\new_system\omnora-prime-v13\src\app\mandi\page.tsx", "TypeScript JSX", 0, 0, 0, 0, 0, 0, 0, 0, 0, 0, 0, 255, 0, 0, 0, 0, 7, 32, 294
"c:\Users\omnora\OneDrive\Desktop\new_system\omnora-prime-v13\src\app\menu\loading.tsx", "TypeScript JSX", 0, 0, 0, 0, 0, 0, 0, 0, 0, 0, 0, 47, 0, 0, 0, 0, 4, 5, 56
"c:\Users\omnora\OneDrive\Desktop\new_system\omnora-prime-v13\src\app\menu\page.tsx", "TypeScript JSX", 0, 0, 0, 0, 0, 0, 0, 0, 0, 0, 0, 185, 0, 0, 0, 0, 10, 24, 219
"c:\Users\omnora\OneDrive\Desktop\new_system\omnora-prime-v13\src\app\messaging\loading.tsx", "TypeScript JSX", 0, 0, 0, 0, 0, 0, 0, 0, 0, 0, 0, 47, 0, 0, 0, 0, 4, 5, 56
"c:\Users\omnora\OneDrive\Desktop\new_system\omnora-prime-v13\src\app\messaging\page.tsx", "TypeScript JSX", 0, 0, 0, 0, 0, 0, 0, 0, 0, 0, 0, 483, 0, 0, 0, 0, 24, 47, 554
"c:\Users\omnora\OneDrive\Desktop\new_system\omnora-prime-v13\src\app\network-preview\NetworkPreviewClient.tsx", "TypeScript JSX", 0, 0, 0, 0, 0, 0, 0, 0, 0, 0, 0, 249, 0, 0, 0, 0, 23, 23, 295
"c:\Users\omnora\OneDrive\Desktop\new_system\omnora-prime-v13\src\app\network-preview\loading.tsx", "TypeScript JSX", 0, 0, 0, 0, 0, 0, 0, 0, 0, 0, 0, 47, 0, 0, 0, 0, 4, 5, 56
"c:\Users\omnora\OneDrive\Desktop\new_system\omnora-prime-v13\src\app\network-preview\page.tsx", "TypeScript JSX", 0, 0, 0, 0, 0, 0, 0, 0, 0, 0, 0, 14, 0, 0, 0, 0, 0, 3, 17
"c:\Users\omnora\OneDrive\Desktop\new_system\omnora-prime-v13\src\app\network\loading.tsx", "TypeScript JSX", 0, 0, 0, 0, 0, 0, 0, 0, 0, 0, 0, 47, 0, 0, 0, 0, 4, 5, 56
"c:\Users\omnora\OneDrive\Desktop\new_system\omnora-prime-v13\src\app\network\page.tsx", "TypeScript JSX", 0, 0, 0, 0, 0, 0, 0, 0, 0, 0, 0, 502, 0, 0, 0, 0, 10, 48, 560
"c:\Users\omnora\OneDrive\Desktop\new_system\omnora-prime-v13\src\app\not-found.tsx", "TypeScript JSX", 0, 0, 0, 0, 0, 0, 0, 0, 0, 0, 0, 23, 0, 0, 0, 0, 0, 3, 26
"c:\Users\omnora\OneDrive\Desktop\new_system\omnora-prime-v13\src\app\og\route.tsx", "TypeScript JSX", 0, 0, 0, 0, 0, 0, 0, 0, 0, 0, 0, 107, 0, 0, 0, 0, 6, 8, 121
"c:\Users\omnora\OneDrive\Desktop\new_system\omnora-prime-v13\src\app\orders\loading.tsx", "TypeScript JSX", 0, 0, 0, 0, 0, 0, 0, 0, 0, 0, 0, 47, 0, 0, 0, 0, 4, 5, 56
"c:\Users\omnora\OneDrive\Desktop\new_system\omnora-prime-v13\src\app\orders\page.tsx", "TypeScript JSX", 0, 0, 0, 0, 0, 0, 0, 0, 0, 0, 0, 232, 0, 0, 0, 0, 8, 23, 263
"c:\Users\omnora\OneDrive\Desktop\new_system\omnora-prime-v13\src\app\page.tsx", "TypeScript JSX", 0, 0, 0, 0, 0, 0, 0, 0, 0, 0, 0, 38, 0, 0, 0, 0, 0, 3, 41
"c:\Users\omnora\OneDrive\Desktop\new_system\omnora-prime-v13\src\app\pairing\loading.tsx", "TypeScript JSX", 0, 0, 0, 0, 0, 0, 0, 0, 0, 0, 0, 47, 0, 0, 0, 0, 4, 5, 56
"c:\Users\omnora\OneDrive\Desktop\new_system\omnora-prime-v13\src\app\pairing\page.tsx", "TypeScript JSX", 0, 0, 0, 0, 0, 0, 0, 0, 0, 0, 0, 281, 0, 0, 0, 0, 9, 31, 321
"c:\Users\omnora\OneDrive\Desktop\new_system\omnora-prime-v13\src\app\parties\[partyId]\edit\loading.tsx", "TypeScript JSX", 0, 0, 0, 0, 0, 0, 0, 0, 0, 0, 0, 47, 0, 0, 0, 0, 4, 5, 56
"c:\Users\omnora\OneDrive\Desktop\new_system\omnora-prime-v13\src\app\parties\[partyId]\edit\page.tsx", "TypeScript JSX", 0, 0, 0, 0, 0, 0, 0, 0, 0, 0, 0, 676, 0, 0, 0, 0, 15, 61, 752
"c:\Users\omnora\OneDrive\Desktop\new_system\omnora-prime-v13\src\app\parties\[partyId]\layout.tsx", "TypeScript JSX", 0, 0, 0, 0, 0, 0, 0, 0, 0, 0, 0, 6, 0, 0, 0, 0, 0, 2, 8
"c:\Users\omnora\OneDrive\Desktop\new_system\omnora-prime-v13\src\app\parties\[partyId]\loading.tsx", "TypeScript JSX", 0, 0, 0, 0, 0, 0, 0, 0, 0, 0, 0, 47, 0, 0, 0, 0, 4, 5, 56
"c:\Users\omnora\OneDrive\Desktop\new_system\omnora-prime-v13\src\app\parties\[partyId]\page.tsx", "TypeScript JSX", 0, 0, 0, 0, 0, 0, 0, 0, 0, 0, 0, 995, 0, 0, 0, 0, 19, 98, 1112
"c:\Users\omnora\OneDrive\Desktop\new_system\omnora-prime-v13\src\app\parties\import\loading.tsx", "TypeScript JSX", 0, 0, 0, 0, 0, 0, 0, 0, 0, 0, 0, 47, 0, 0, 0, 0, 4, 5, 56
"c:\Users\omnora\OneDrive\Desktop\new_system\omnora-prime-v13\src\app\parties\import\page.tsx", "TypeScript JSX", 0, 0, 0, 0, 0, 0, 0, 0, 0, 0, 0, 220, 0, 0, 0, 0, 1, 28, 249
"c:\Users\omnora\OneDrive\Desktop\new_system\omnora-prime-v13\src\app\parties\loading.tsx", "TypeScript JSX", 0, 0, 0, 0, 0, 0, 0, 0, 0, 0, 0, 47, 0, 0, 0, 0, 4, 5, 56
"c:\Users\omnora\OneDrive\Desktop\new_system\omnora-prime-v13\src\app\parties\new\loading.tsx", "TypeScript JSX", 0, 0, 0, 0, 0, 0, 0, 0, 0, 0, 0, 47, 0, 0, 0, 0, 4, 5, 56
"c:\Users\omnora\OneDrive\Desktop\new_system\omnora-prime-v13\src\app\parties\new\page.tsx", "TypeScript JSX", 0, 0, 0, 0, 0, 0, 0, 0, 0, 0, 0, 205, 0, 0, 0, 0, 0, 22, 227
"c:\Users\omnora\OneDrive\Desktop\new_system\omnora-prime-v13\src\app\parties\page.tsx", "TypeScript JSX", 0, 0, 0, 0, 0, 0, 0, 0, 0, 0, 0, 571, 0, 0, 0, 0, 8, 47, 626
"c:\Users\omnora\OneDrive\Desktop\new_system\omnora-prime-v13\src\app\parties\reminders\loading.tsx", "TypeScript JSX", 0, 0, 0, 0, 0, 0, 0, 0, 0, 0, 0, 47, 0, 0, 0, 0, 4, 5, 56
"c:\Users\omnora\OneDrive\Desktop\new_system\omnora-prime-v13\src\app\parties\reminders\page.tsx", "TypeScript JSX", 0, 0, 0, 0, 0, 0, 0, 0, 0, 0, 0, 254, 0, 0, 0, 0, 9, 27, 290
"c:\Users\omnora\OneDrive\Desktop\new_system\omnora-prime-v13\src\app\payroll\[periodId]\layout.tsx", "TypeScript JSX", 0, 0, 0, 0, 0, 0, 0, 0, 0, 0, 0, 6, 0, 0, 0, 0, 0, 2, 8
"c:\Users\omnora\OneDrive\Desktop\new_system\omnora-prime-v13\src\app\payroll\[periodId]\loading.tsx", "TypeScript JSX", 0, 0, 0, 0, 0, 0, 0, 0, 0, 0, 0, 47, 0, 0, 0, 0, 4, 5, 56
"c:\Users\omnora\OneDrive\Desktop\new_system\omnora-prime-v13\src\app\payroll\[periodId]\page.tsx", "TypeScript JSX", 0, 0, 0, 0, 0, 0, 0, 0, 0, 0, 0, 710, 0, 0, 0, 0, 16, 64, 790
"c:\Users\omnora\OneDrive\Desktop\new_system\omnora-prime-v13\src\app\payroll\loading.tsx", "TypeScript JSX", 0, 0, 0, 0, 0, 0, 0, 0, 0, 0, 0, 47, 0, 0, 0, 0, 4, 5, 56
"c:\Users\omnora\OneDrive\Desktop\new_system\omnora-prime-v13\src\app\payroll\page.tsx", "TypeScript JSX", 0, 0, 0, 0, 0, 0, 0, 0, 0, 0, 0, 634, 0, 0, 0, 0, 12, 72, 718
"c:\Users\omnora\OneDrive\Desktop\new_system\omnora-prime-v13\src\app\portal-manager\loading.tsx", "TypeScript JSX", 0, 0, 0, 0, 0, 0, 0, 0, 0, 0, 0, 47, 0, 0, 0, 0, 4, 5, 56
"c:\Users\omnora\OneDrive\Desktop\new_system\omnora-prime-v13\src\app\portal-manager\page.tsx", "TypeScript JSX", 0, 0, 0, 0, 0, 0, 0, 0, 0, 0, 0, 239, 0, 0, 0, 0, 7, 27, 273
"c:\Users\omnora\OneDrive\Desktop\new_system\omnora-prime-v13\src\app\portal\[token]\PortalView.tsx", "TypeScript JSX", 0, 0, 0, 0, 0, 0, 0, 0, 0, 0, 0, 640, 0, 0, 0, 0, 11, 18, 669
"c:\Users\omnora\OneDrive\Desktop\new_system\omnora-prime-v13\src\app\portal\[token]\UnifiedPortalClientView.tsx", "TypeScript JSX", 0, 0, 0, 0, 0, 0, 0, 0, 0, 0, 0, 279, 0, 0, 0, 0, 7, 23, 309
"c:\Users\omnora\OneDrive\Desktop\new_system\omnora-prime-v13\src\app\portal\[token]\layout.tsx", "TypeScript JSX", 0, 0, 0, 0, 0, 0, 0, 0, 0, 0, 0, 6, 0, 0, 0, 0, 0, 2, 8
"c:\Users\omnora\OneDrive\Desktop\new_system\omnora-prime-v13\src\app\portal\[token]\loading.tsx", "TypeScript JSX", 0, 0, 0, 0, 0, 0, 0, 0, 0, 0, 0, 47, 0, 0, 0, 0, 4, 5, 56
"c:\Users\omnora\OneDrive\Desktop\new_system\omnora-prime-v13\src\app\portal\[token]\page.tsx", "TypeScript JSX", 0, 0, 0, 0, 0, 0, 0, 0, 0, 0, 0, 181, 0, 0, 0, 0, 5, 30, 216
"c:\Users\omnora\OneDrive\Desktop\new_system\omnora-prime-v13\src\app\portal\auth\loading.tsx", "TypeScript JSX", 0, 0, 0, 0, 0, 0, 0, 0, 0, 0, 0, 47, 0, 0, 0, 0, 4, 5, 56
"c:\Users\omnora\OneDrive\Desktop\new_system\omnora-prime-v13\src\app\portal\auth\page.tsx", "TypeScript JSX", 0, 0, 0, 0, 0, 0, 0, 0, 0, 0, 0, 49, 0, 0, 0, 0, 5, 10, 64
"c:\Users\omnora\OneDrive\Desktop\new_system\omnora-prime-v13\src\app\portal\b\[businessSlug]\invoices\loading.tsx", "TypeScript JSX", 0, 0, 0, 0, 0, 0, 0, 0, 0, 0, 0, 47, 0, 0, 0, 0, 4, 5, 56
"c:\Users\omnora\OneDrive\Desktop\new_system\omnora-prime-v13\src\app\portal\b\[businessSlug]\invoices\page.tsx", "TypeScript JSX", 0, 0, 0, 0, 0, 0, 0, 0, 0, 0, 0, 115, 0, 0, 0, 0, 0, 9, 124
"c:\Users\omnora\OneDrive\Desktop\new_system\omnora-prime-v13\src\app\portal\b\[businessSlug]\layout.tsx", "TypeScript JSX", 0, 0, 0, 0, 0, 0, 0, 0, 0, 0, 0, 6, 0, 0, 0, 0, 0, 2, 8
"c:\Users\omnora\OneDrive\Desktop\new_system\omnora-prime-v13\src\app\portal\b\[businessSlug]\loading.tsx", "TypeScript JSX", 0, 0, 0, 0, 0, 0, 0, 0, 0, 0, 0, 47, 0, 0, 0, 0, 4, 5, 56
"c:\Users\omnora\OneDrive\Desktop\new_system\omnora-prime-v13\src\app\portal\b\[businessSlug]\page.tsx", "TypeScript JSX", 0, 0, 0, 0, 0, 0, 0, 0, 0, 0, 0, 146, 0, 0, 0, 0, 0, 11, 157
"c:\Users\omnora\OneDrive\Desktop\new_system\omnora-prime-v13\src\app\portal\dashboard\loading.tsx", "TypeScript JSX", 0, 0, 0, 0, 0, 0, 0, 0, 0, 0, 0, 47, 0, 0, 0, 0, 4, 5, 56
"c:\Users\omnora\OneDrive\Desktop\new_system\omnora-prime-v13\src\app\portal\dashboard\page.tsx", "TypeScript JSX", 0, 0, 0, 0, 0, 0, 0, 0, 0, 0, 0, 154, 0, 0, 0, 0, 9, 15, 178
"c:\Users\omnora\OneDrive\Desktop\new_system\omnora-prime-v13\src\app\portal\invoices\InvoicesClient.tsx", "TypeScript JSX", 0, 0, 0, 0, 0, 0, 0, 0, 0, 0, 0, 238, 0, 0, 0, 0, 4, 14, 256
"c:\Users\omnora\OneDrive\Desktop\new_system\omnora-prime-v13\src\app\portal\invoices\[id]\layout.tsx", "TypeScript JSX", 0, 0, 0, 0, 0, 0, 0, 0, 0, 0, 0, 6, 0, 0, 0, 0, 0, 2, 8
"c:\Users\omnora\OneDrive\Desktop\new_system\omnora-prime-v13\src\app\portal\invoices\[id]\pdf\route.ts", "TypeScript", 0, 0, 0, 235, 0, 0, 0, 0, 0, 0, 0, 0, 0, 0, 0, 0, 4, 19, 258
"c:\Users\omnora\OneDrive\Desktop\new_system\omnora-prime-v13\src\app\portal\invoices\loading.tsx", "TypeScript JSX", 0, 0, 0, 0, 0, 0, 0, 0, 0, 0, 0, 47, 0, 0, 0, 0, 4, 5, 56
"c:\Users\omnora\OneDrive\Desktop\new_system\omnora-prime-v13\src\app\portal\invoices\page.tsx", "TypeScript JSX", 0, 0, 0, 0, 0, 0, 0, 0, 0, 0, 0, 31, 0, 0, 0, 0, 1, 8, 40
"c:\Users\omnora\OneDrive\Desktop\new_system\omnora-prime-v13\src\app\portal\layout.tsx", "TypeScript JSX", 0, 0, 0, 0, 0, 0, 0, 0, 0, 0, 0, 50, 0, 0, 0, 0, 3, 9, 62
"c:\Users\omnora\OneDrive\Desktop\new_system\omnora-prime-v13\src\app\portal\loading.tsx", "TypeScript JSX", 0, 0, 0, 0, 0, 0, 0, 0, 0, 0, 0, 47, 0, 0, 0, 0, 4, 5, 56
"c:\Users\omnora\OneDrive\Desktop\new_system\omnora-prime-v13\src\app\portal\page.tsx", "TypeScript JSX", 0, 0, 0, 0, 0, 0, 0, 0, 0, 0, 0, 16, 0, 0, 0, 0, 1, 6, 23
"c:\Users\omnora\OneDrive\Desktop\new_system\omnora-prime-v13\src\app\portal\view\[token]\layout.tsx", "TypeScript JSX", 0, 0, 0, 0, 0, 0, 0, 0, 0, 0, 0, 6, 0, 0, 0, 0, 0, 2, 8
"c:\Users\omnora\OneDrive\Desktop\new_system\omnora-prime-v13\src\app\portal\view\[token]\loading.tsx", "TypeScript JSX", 0, 0, 0, 0, 0, 0, 0, 0, 0, 0, 0, 47, 0, 0, 0, 0, 4, 5, 56
"c:\Users\omnora\OneDrive\Desktop\new_system\omnora-prime-v13\src\app\portal\view\[token]\page.tsx", "TypeScript JSX", 0, 0, 0, 0, 0, 0, 0, 0, 0, 0, 0, 155, 0, 0, 0, 0, 0, 16, 171
"c:\Users\omnora\OneDrive\Desktop\new_system\omnora-prime-v13\src\app\pos\close\loading.tsx", "TypeScript JSX", 0, 0, 0, 0, 0, 0, 0, 0, 0, 0, 0, 47, 0, 0, 0, 0, 4, 5, 56
"c:\Users\omnora\OneDrive\Desktop\new_system\omnora-prime-v13\src\app\pos\close\page.tsx", "TypeScript JSX", 0, 0, 0, 0, 0, 0, 0, 0, 0, 0, 0, 319, 0, 0, 0, 0, 8, 35, 362
"c:\Users\omnora\OneDrive\Desktop\new_system\omnora-prime-v13\src\app\pos\loading.tsx", "TypeScript JSX", 0, 0, 0, 0, 0, 0, 0, 0, 0, 0, 0, 47, 0, 0, 0, 0, 4, 5, 56
"c:\Users\omnora\OneDrive\Desktop\new_system\omnora-prime-v13\src\app\pos\page.tsx", "TypeScript JSX", 0, 0, 0, 0, 0, 0, 0, 0, 0, 0, 0, 1393, 0, 0, 0, 0, 40, 81, 1514
"c:\Users\omnora\OneDrive\Desktop\new_system\omnora-prime-v13\src\app\pricing\PricingClient.tsx", "TypeScript JSX", 0, 0, 0, 0, 0, 0, 0, 0, 0, 0, 0, 719, 0, 0, 0, 0, 16, 59, 794
"c:\Users\omnora\OneDrive\Desktop\new_system\omnora-prime-v13\src\app\pricing\loading.tsx", "TypeScript JSX", 0, 0, 0, 0, 0, 0, 0, 0, 0, 0, 0, 47, 0, 0, 0, 0, 4, 5, 56
"c:\Users\omnora\OneDrive\Desktop\new_system\omnora-prime-v13\src\app\pricing\page.tsx", "TypeScript JSX", 0, 0, 0, 0, 0, 0, 0, 0, 0, 0, 0, 9, 0, 0, 0, 0, 0, 3, 12
"c:\Users\omnora\OneDrive\Desktop\new_system\omnora-prime-v13\src\app\privacy\loading.tsx", "TypeScript JSX", 0, 0, 0, 0, 0, 0, 0, 0, 0, 0, 0, 47, 0, 0, 0, 0, 4, 5, 56
"c:\Users\omnora\OneDrive\Desktop\new_system\omnora-prime-v13\src\app\privacy\page.tsx", "TypeScript JSX", 0, 0, 0, 0, 0, 0, 0, 0, 0, 0, 0, 371, 0, 0, 0, 0, 3, 19, 393
"c:\Users\omnora\OneDrive\Desktop\new_system\omnora-prime-v13\src\app\production\analytics\loading.tsx", "TypeScript JSX", 0, 0, 0, 0, 0, 0, 0, 0, 0, 0, 0, 47, 0, 0, 0, 0, 4, 5, 56
"c:\Users\omnora\OneDrive\Desktop\new_system\omnora-prime-v13\src\app\production\analytics\page.tsx", "TypeScript JSX", 0, 0, 0, 0, 0, 0, 0, 0, 0, 0, 0, 209, 0, 0, 0, 0, 2, 27, 238
"c:\Users\omnora\OneDrive\Desktop\new_system\omnora-prime-v13\src\app\production\batches\[batchId]\costing\loading.tsx", "TypeScript JSX", 0, 0, 0, 0, 0, 0, 0, 0, 0, 0, 0, 47, 0, 0, 0, 0, 4, 5, 56
"c:\Users\omnora\OneDrive\Desktop\new_system\omnora-prime-v13\src\app\production\batches\[batchId]\costing\page.tsx", "TypeScript JSX", 0, 0, 0, 0, 0, 0, 0, 0, 0, 0, 0, 292, 0, 0, 0, 0, 6, 32, 330
"c:\Users\omnora\OneDrive\Desktop\new_system\omnora-prime-v13\src\app\production\batches\[batchId]\layout.tsx", "TypeScript JSX", 0, 0, 0, 0, 0, 0, 0, 0, 0, 0, 0, 6, 0, 0, 0, 0, 0, 2, 8
"c:\Users\omnora\OneDrive\Desktop\new_system\omnora-prime-v13\src\app\production\batches\loading.tsx", "TypeScript JSX", 0, 0, 0, 0, 0, 0, 0, 0, 0, 0, 0, 47, 0, 0, 0, 0, 4, 5, 56
"c:\Users\omnora\OneDrive\Desktop\new_system\omnora-prime-v13\src\app\production\batches\page.tsx", "TypeScript JSX", 0, 0, 0, 0, 0, 0, 0, 0, 0, 0, 0, 173, 0, 0, 0, 0, 3, 23, 199
"c:\Users\omnora\OneDrive\Desktop\new_system\omnora-prime-v13\src\app\production\daily-log\loading.tsx", "TypeScript JSX", 0, 0, 0, 0, 0, 0, 0, 0, 0, 0, 0, 47, 0, 0, 0, 0, 4, 5, 56
"c:\Users\omnora\OneDrive\Desktop\new_system\omnora-prime-v13\src\app\production\daily-log\page.tsx", "TypeScript JSX", 0, 0, 0, 0, 0, 0, 0, 0, 0, 0, 0, 226, 0, 0, 0, 0, 3, 24, 253
"c:\Users\omnora\OneDrive\Desktop\new_system\omnora-prime-v13\src\app\production\grid\loading.tsx", "TypeScript JSX", 0, 0, 0, 0, 0, 0, 0, 0, 0, 0, 0, 47, 0, 0, 0, 0, 4, 5, 56
"c:\Users\omnora\OneDrive\Desktop\new_system\omnora-prime-v13\src\app\production\grid\page.tsx", "TypeScript JSX", 0, 0, 0, 0, 0, 0, 0, 0, 0, 0, 0, 524, 0, 0, 0, 0, 18, 51, 593
"c:\Users\omnora\OneDrive\Desktop\new_system\omnora-prime-v13\src\app\production\handover\loading.tsx", "TypeScript JSX", 0, 0, 0, 0, 0, 0, 0, 0, 0, 0, 0, 47, 0, 0, 0, 0, 4, 5, 56
"c:\Users\omnora\OneDrive\Desktop\new_system\omnora-prime-v13\src\app\production\handover\page.tsx", "TypeScript JSX", 0, 0, 0, 0, 0, 0, 0, 0, 0, 0, 0, 328, 0, 0, 0, 0, 11, 37, 376
"c:\Users\omnora\OneDrive\Desktop\new_system\omnora-prime-v13\src\app\production\loading.tsx", "TypeScript JSX", 0, 0, 0, 0, 0, 0, 0, 0, 0, 0, 0, 47, 0, 0, 0, 0, 4, 5, 56
"c:\Users\omnora\OneDrive\Desktop\new_system\omnora-prime-v13\src\app\production\page.tsx", "TypeScript JSX", 0, 0, 0, 0, 0, 0, 0, 0, 0, 0, 0, 575, 0, 0, 0, 0, 12, 61, 648
"c:\Users\omnora\OneDrive\Desktop\new_system\omnora-prime-v13\src\app\profile\loading.tsx", "TypeScript JSX", 0, 0, 0, 0, 0, 0, 0, 0, 0, 0, 0, 47, 0, 0, 0, 0, 4, 5, 56
"c:\Users\omnora\OneDrive\Desktop\new_system\omnora-prime-v13\src\app\profile\page.tsx", "TypeScript JSX", 0, 0, 0, 0, 0, 0, 0, 0, 0, 0, 0, 364, 0, 0, 0, 0, 10, 47, 421
"c:\Users\omnora\OneDrive\Desktop\new_system\omnora-prime-v13\src\app\promises\loading.tsx", "TypeScript JSX", 0, 0, 0, 0, 0, 0, 0, 0, 0, 0, 0, 47, 0, 0, 0, 0, 4, 5, 56
"c:\Users\omnora\OneDrive\Desktop\new_system\omnora-prime-v13\src\app\promises\page.tsx", "TypeScript JSX", 0, 0, 0, 0, 0, 0, 0, 0, 0, 0, 0, 927, 0, 0, 0, 0, 35, 85, 1047
"c:\Users\omnora\OneDrive\Desktop\new_system\omnora-prime-v13\src\app\purchase\[poId]\layout.tsx", "TypeScript JSX", 0, 0, 0, 0, 0, 0, 0, 0, 0, 0, 0, 6, 0, 0, 0, 0, 0, 2, 8
"c:\Users\omnora\OneDrive\Desktop\new_system\omnora-prime-v13\src\app\purchase\[poId]\loading.tsx", "TypeScript JSX", 0, 0, 0, 0, 0, 0, 0, 0, 0, 0, 0, 47, 0, 0, 0, 0, 4, 5, 56
"c:\Users\omnora\OneDrive\Desktop\new_system\omnora-prime-v13\src\app\purchase\[poId]\page.tsx", "TypeScript JSX", 0, 0, 0, 0, 0, 0, 0, 0, 0, 0, 0, 452, 0, 0, 0, 0, 9, 32, 493
"c:\Users\omnora\OneDrive\Desktop\new_system\omnora-prime-v13\src\app\purchase\grn\new\loading.tsx", "TypeScript JSX", 0, 0, 0, 0, 0, 0, 0, 0, 0, 0, 0, 47, 0, 0, 0, 0, 4, 5, 56
"c:\Users\omnora\OneDrive\Desktop\new_system\omnora-prime-v13\src\app\purchase\grn\new\page.tsx", "TypeScript JSX", 0, 0, 0, 0, 0, 0, 0, 0, 0, 0, 0, 314, 0, 0, 0, 0, 1, 21, 336
"c:\Users\omnora\OneDrive\Desktop\new_system\omnora-prime-v13\src\app\purchase\layout.tsx", "TypeScript JSX", 0, 0, 0, 0, 0, 0, 0, 0, 0, 0, 0, 23, 0, 0, 0, 0, 3, 11, 37
"c:\Users\omnora\OneDrive\Desktop\new_system\omnora-prime-v13\src\app\purchase\loading.tsx", "TypeScript JSX", 0, 0, 0, 0, 0, 0, 0, 0, 0, 0, 0, 47, 0, 0, 0, 0, 4, 5, 56
"c:\Users\omnora\OneDrive\Desktop\new_system\omnora-prime-v13\src\app\purchase\manual\loading.tsx", "TypeScript JSX", 0, 0, 0, 0, 0, 0, 0, 0, 0, 0, 0, 47, 0, 0, 0, 0, 4, 5, 56
"c:\Users\omnora\OneDrive\Desktop\new_system\omnora-prime-v13\src\app\purchase\manual\page.tsx", "TypeScript JSX", 0, 0, 0, 0, 0, 0, 0, 0, 0, 0, 0, 202, 0, 0, 0, 0, 5, 28, 235
"c:\Users\omnora\OneDrive\Desktop\new_system\omnora-prime-v13\src\app\purchase\new\loading.tsx", "TypeScript JSX", 0, 0, 0, 0, 0, 0, 0, 0, 0, 0, 0, 47, 0, 0, 0, 0, 4, 5, 56
"c:\Users\omnora\OneDrive\Desktop\new_system\omnora-prime-v13\src\app\purchase\new\page.tsx", "TypeScript JSX", 0, 0, 0, 0, 0, 0, 0, 0, 0, 0, 0, 467, 0, 0, 0, 0, 6, 36, 509
"c:\Users\omnora\OneDrive\Desktop\new_system\omnora-prime-v13\src\app\purchase\page.tsx", "TypeScript JSX", 0, 0, 0, 0, 0, 0, 0, 0, 0, 0, 0, 264, 0, 0, 0, 0, 2, 17, 283
"c:\Users\omnora\OneDrive\Desktop\new_system\omnora-prime-v13\src\app\purchase\success\loading.tsx", "TypeScript JSX", 0, 0, 0, 0, 0, 0, 0, 0, 0, 0, 0, 47, 0, 0, 0, 0, 4, 5, 56
"c:\Users\omnora\OneDrive\Desktop\new_system\omnora-prime-v13\src\app\purchase\success\page.tsx", "TypeScript JSX", 0, 0, 0, 0, 0, 0, 0, 0, 0, 0, 0, 122, 0, 0, 0, 0, 2, 18, 142
"c:\Users\omnora\OneDrive\Desktop\new_system\omnora-prime-v13\src\app\purchase\suggestions\loading.tsx", "TypeScript JSX", 0, 0, 0, 0, 0, 0, 0, 0, 0, 0, 0, 47, 0, 0, 0, 0, 4, 5, 56
"c:\Users\omnora\OneDrive\Desktop\new_system\omnora-prime-v13\src\app\purchase\suggestions\page.tsx", "TypeScript JSX", 0, 0, 0, 0, 0, 0, 0, 0, 0, 0, 0, 201, 0, 0, 0, 0, 2, 21, 224
"c:\Users\omnora\OneDrive\Desktop\new_system\omnora-prime-v13\src\app\purchase\suppliers\loading.tsx", "TypeScript JSX", 0, 0, 0, 0, 0, 0, 0, 0, 0, 0, 0, 47, 0, 0, 0, 0, 4, 5, 56
"c:\Users\omnora\OneDrive\Desktop\new_system\omnora-prime-v13\src\app\purchase\suppliers\page.tsx", "TypeScript JSX", 0, 0, 0, 0, 0, 0, 0, 0, 0, 0, 0, 262, 0, 0, 0, 0, 3, 17, 282
"c:\Users\omnora\OneDrive\Desktop\new_system\omnora-prime-v13\src\app\quick-entry\loading.tsx", "TypeScript JSX", 0, 0, 0, 0, 0, 0, 0, 0, 0, 0, 0, 47, 0, 0, 0, 0, 4, 5, 56
"c:\Users\omnora\OneDrive\Desktop\new_system\omnora-prime-v13\src\app\quick-entry\page.tsx", "TypeScript JSX", 0, 0, 0, 0, 0, 0, 0, 0, 0, 0, 0, 787, 0, 0, 0, 0, 30, 72, 889
"c:\Users\omnora\OneDrive\Desktop\new_system\omnora-prime-v13\src\app\refund\loading.tsx", "TypeScript JSX", 0, 0, 0, 0, 0, 0, 0, 0, 0, 0, 0, 47, 0, 0, 0, 0, 4, 5, 56
"c:\Users\omnora\OneDrive\Desktop\new_system\omnora-prime-v13\src\app\refund\page.tsx", "TypeScript JSX", 0, 0, 0, 0, 0, 0, 0, 0, 0, 0, 0, 242, 0, 0, 0, 0, 3, 19, 264
"c:\Users\omnora\OneDrive\Desktop\new_system\omnora-prime-v13\src\app\reports\aging\loading.tsx", "TypeScript JSX", 0, 0, 0, 0, 0, 0, 0, 0, 0, 0, 0, 47, 0, 0, 0, 0, 4, 5, 56
"c:\Users\omnora\OneDrive\Desktop\new_system\omnora-prime-v13\src\app\reports\aging\page.tsx", "TypeScript JSX", 0, 0, 0, 0, 0, 0, 0, 0, 0, 0, 0, 305, 0, 0, 0, 0, 0, 37, 342
"c:\Users\omnora\OneDrive\Desktop\new_system\omnora-prime-v13\src\app\reports\balance-sheet\loading.tsx", "TypeScript JSX", 0, 0, 0, 0, 0, 0, 0, 0, 0, 0, 0, 47, 0, 0, 0, 0, 4, 5, 56
"c:\Users\omnora\OneDrive\Desktop\new_system\omnora-prime-v13\src\app\reports\balance-sheet\page.tsx", "TypeScript JSX", 0, 0, 0, 0, 0, 0, 0, 0, 0, 0, 0, 207, 0, 0, 0, 0, 2, 31, 240
"c:\Users\omnora\OneDrive\Desktop\new_system\omnora-prime-v13\src\app\reports\export\loading.tsx", "TypeScript JSX", 0, 0, 0, 0, 0, 0, 0, 0, 0, 0, 0, 47, 0, 0, 0, 0, 4, 5, 56
"c:\Users\omnora\OneDrive\Desktop\new_system\omnora-prime-v13\src\app\reports\export\page.tsx", "TypeScript JSX", 0, 0, 0, 0, 0, 0, 0, 0, 0, 0, 0, 255, 0, 0, 0, 0, 1, 24, 280
"c:\Users\omnora\OneDrive\Desktop\new_system\omnora-prime-v13\src\app\reports\ledger\loading.tsx", "TypeScript JSX", 0, 0, 0, 0, 0, 0, 0, 0, 0, 0, 0, 47, 0, 0, 0, 0, 4, 5, 56
"c:\Users\omnora\OneDrive\Desktop\new_system\omnora-prime-v13\src\app\reports\ledger\page.tsx", "TypeScript JSX", 0, 0, 0, 0, 0, 0, 0, 0, 0, 0, 0, 200, 0, 0, 0, 0, 6, 23, 229
"c:\Users\omnora\OneDrive\Desktop\new_system\omnora-prime-v13\src\app\reports\loading.tsx", "TypeScript JSX", 0, 0, 0, 0, 0, 0, 0, 0, 0, 0, 0, 47, 0, 0, 0, 0, 4, 5, 56
"c:\Users\omnora\OneDrive\Desktop\new_system\omnora-prime-v13\src\app\reports\page.tsx", "TypeScript JSX", 0, 0, 0, 0, 0, 0, 0, 0, 0, 0, 0, 498, 0, 0, 0, 0, 3, 57, 558
"c:\Users\omnora\OneDrive\Desktop\new_system\omnora-prime-v13\src\app\reports\profit-loss\loading.tsx", "TypeScript JSX", 0, 0, 0, 0, 0, 0, 0, 0, 0, 0, 0, 47, 0, 0, 0, 0, 4, 5, 56
"c:\Users\omnora\OneDrive\Desktop\new_system\omnora-prime-v13\src\app\reports\profit-loss\page.tsx", "TypeScript JSX", 0, 0, 0, 0, 0, 0, 0, 0, 0, 0, 0, 378, 0, 0, 0, 0, 6, 46, 430
"c:\Users\omnora\OneDrive\Desktop\new_system\omnora-prime-v13\src\app\reports\tax-return\loading.tsx", "TypeScript JSX", 0, 0, 0, 0, 0, 0, 0, 0, 0, 0, 0, 47, 0, 0, 0, 0, 4, 5, 56
"c:\Users\omnora\OneDrive\Desktop\new_system\omnora-prime-v13\src\app\reports\tax-return\page.tsx", "TypeScript JSX", 0, 0, 0, 0, 0, 0, 0, 0, 0, 0, 0, 269, 0, 0, 0, 0, 6, 26, 301
"c:\Users\omnora\OneDrive\Desktop\new_system\omnora-prime-v13\src\app\reports\tax\loading.tsx", "TypeScript JSX", 0, 0, 0, 0, 0, 0, 0, 0, 0, 0, 0, 47, 0, 0, 0, 0, 4, 5, 56
"c:\Users\omnora\OneDrive\Desktop\new_system\omnora-prime-v13\src\app\reports\tax\page.tsx", "TypeScript JSX", 0, 0, 0, 0, 0, 0, 0, 0, 0, 0, 0, 273, 0, 0, 0, 0, 11, 32, 316
"c:\Users\omnora\OneDrive\Desktop\new_system\omnora-prime-v13\src\app\reports\trial-balance\loading.tsx", "TypeScript JSX", 0, 0, 0, 0, 0, 0, 0, 0, 0, 0, 0, 47, 0, 0, 0, 0, 4, 5, 56
"c:\Users\omnora\OneDrive\Desktop\new_system\omnora-prime-v13\src\app\reports\trial-balance\page.tsx", "TypeScript JSX", 0, 0, 0, 0, 0, 0, 0, 0, 0, 0, 0, 261, 0, 0, 0, 0, 0, 28, 289
"c:\Users\omnora\OneDrive\Desktop\new_system\omnora-prime-v13\src\app\reviews\loading.tsx", "TypeScript JSX", 0, 0, 0, 0, 0, 0, 0, 0, 0, 0, 0, 47, 0, 0, 0, 0, 4, 5, 56
"c:\Users\omnora\OneDrive\Desktop\new_system\omnora-prime-v13\src\app\reviews\page.tsx", "TypeScript JSX", 0, 0, 0, 0, 0, 0, 0, 0, 0, 0, 0, 161, 0, 0, 0, 0, 6, 17, 184
"c:\Users\omnora\OneDrive\Desktop\new_system\omnora-prime-v13\src\app\robots.ts", "TypeScript", 0, 0, 0, 40, 0, 0, 0, 0, 0, 0, 0, 0, 0, 0, 0, 0, 3, 5, 48
"c:\Users\omnora\OneDrive\Desktop\new_system\omnora-prime-v13\src\app\sales\loading.tsx", "TypeScript JSX", 0, 0, 0, 0, 0, 0, 0, 0, 0, 0, 0, 47, 0, 0, 0, 0, 4, 5, 56
"c:\Users\omnora\OneDrive\Desktop\new_system\omnora-prime-v13\src\app\sales\page.tsx", "TypeScript JSX", 0, 0, 0, 0, 0, 0, 0, 0, 0, 0, 0, 619, 0, 0, 0, 0, 12, 59, 690
"c:\Users\omnora\OneDrive\Desktop\new_system\omnora-prime-v13\src\app\samples\loading.tsx", "TypeScript JSX", 0, 0, 0, 0, 0, 0, 0, 0, 0, 0, 0, 47, 0, 0, 0, 0, 4, 5, 56
"c:\Users\omnora\OneDrive\Desktop\new_system\omnora-prime-v13\src\app\samples\page.tsx", "TypeScript JSX", 0, 0, 0, 0, 0, 0, 0, 0, 0, 0, 0, 205, 0, 0, 0, 0, 6, 19, 230
"c:\Users\omnora\OneDrive\Desktop\new_system\omnora-prime-v13\src\app\settings\about\loading.tsx", "TypeScript JSX", 0, 0, 0, 0, 0, 0, 0, 0, 0, 0, 0, 47, 0, 0, 0, 0, 4, 5, 56
"c:\Users\omnora\OneDrive\Desktop\new_system\omnora-prime-v13\src\app\settings\about\page.tsx", "TypeScript JSX", 0, 0, 0, 0, 0, 0, 0, 0, 0, 0, 0, 346, 0, 0, 0, 0, 5, 35, 386
"c:\Users\omnora\OneDrive\Desktop\new_system\omnora-prime-v13\src\app\settings\api\loading.tsx", "TypeScript JSX", 0, 0, 0, 0, 0, 0, 0, 0, 0, 0, 0, 47, 0, 0, 0, 0, 4, 5, 56
"c:\Users\omnora\OneDrive\Desktop\new_system\omnora-prime-v13\src\app\settings\api\page.tsx", "TypeScript JSX", 0, 0, 0, 0, 0, 0, 0, 0, 0, 0, 0, 341, 0, 0, 0, 0, 12, 42, 395
"c:\Users\omnora\OneDrive\Desktop\new_system\omnora-prime-v13\src\app\settings\backup\loading.tsx", "TypeScript JSX", 0, 0, 0, 0, 0, 0, 0, 0, 0, 0, 0, 47, 0, 0, 0, 0, 4, 5, 56
"c:\Users\omnora\OneDrive\Desktop\new_system\omnora-prime-v13\src\app\settings\backup\page.tsx", "TypeScript JSX", 0, 0, 0, 0, 0, 0, 0, 0, 0, 0, 0, 757, 0, 0, 0, 0, 42, 77, 876
"c:\Users\omnora\OneDrive\Desktop\new_system\omnora-prime-v13\src\app\settings\devices\loading.tsx", "TypeScript JSX", 0, 0, 0, 0, 0, 0, 0, 0, 0, 0, 0, 47, 0, 0, 0, 0, 4, 5, 56
"c:\Users\omnora\OneDrive\Desktop\new_system\omnora-prime-v13\src\app\settings\devices\page.tsx", "TypeScript JSX", 0, 0, 0, 0, 0, 0, 0, 0, 0, 0, 0, 358, 0, 0, 0, 0, 14, 25, 397
"c:\Users\omnora\OneDrive\Desktop\new_system\omnora-prime-v13\src\app\settings\diagnostics\loading.tsx", "TypeScript JSX", 0, 0, 0, 0, 0, 0, 0, 0, 0, 0, 0, 47, 0, 0, 0, 0, 4, 5, 56
"c:\Users\omnora\OneDrive\Desktop\new_system\omnora-prime-v13\src\app\settings\diagnostics\page.tsx", "TypeScript JSX", 0, 0, 0, 0, 0, 0, 0, 0, 0, 0, 0, 179, 0, 0, 0, 0, 0, 22, 201
"c:\Users\omnora\OneDrive\Desktop\new_system\omnora-prime-v13\src\app\settings\exchange-rates\loading.tsx", "TypeScript JSX", 0, 0, 0, 0, 0, 0, 0, 0, 0, 0, 0, 47, 0, 0, 0, 0, 4, 5, 56
"c:\Users\omnora\OneDrive\Desktop\new_system\omnora-prime-v13\src\app\settings\exchange-rates\page.tsx", "TypeScript JSX", 0, 0, 0, 0, 0, 0, 0, 0, 0, 0, 0, 203, 0, 0, 0, 0, 0, 22, 225
"c:\Users\omnora\OneDrive\Desktop\new_system\omnora-prime-v13\src\app\settings\general\loading.tsx", "TypeScript JSX", 0, 0, 0, 0, 0, 0, 0, 0, 0, 0, 0, 47, 0, 0, 0, 0, 4, 5, 56
"c:\Users\omnora\OneDrive\Desktop\new_system\omnora-prime-v13\src\app\settings\general\page.tsx", "TypeScript JSX", 0, 0, 0, 0, 0, 0, 0, 0, 0, 0, 0, 371, 0, 0, 0, 0, 21, 35, 427
"c:\Users\omnora\OneDrive\Desktop\new_system\omnora-prime-v13\src\app\settings\import\loading.tsx", "TypeScript JSX", 0, 0, 0, 0, 0, 0, 0, 0, 0, 0, 0, 47, 0, 0, 0, 0, 4, 5, 56
"c:\Users\omnora\OneDrive\Desktop\new_system\omnora-prime-v13\src\app\settings\import\page.tsx", "TypeScript JSX", 0, 0, 0, 0, 0, 0, 0, 0, 0, 0, 0, 187, 0, 0, 0, 0, 8, 18, 213
"c:\Users\omnora\OneDrive\Desktop\new_system\omnora-prime-v13\src\app\settings\layout.tsx", "TypeScript JSX", 0, 0, 0, 0, 0, 0, 0, 0, 0, 0, 0, 211, 0, 0, 0, 0, 7, 14, 232
"c:\Users\omnora\OneDrive\Desktop\new_system\omnora-prime-v13\src\app\settings\license\page.tsx", "TypeScript JSX", 0, 0, 0, 0, 0, 0, 0, 0, 0, 0, 0, 416, 0, 0, 0, 0, 14, 41, 471
"c:\Users\omnora\OneDrive\Desktop\new_system\omnora-prime-v13\src\app\settings\license\upgrade\page.tsx", "TypeScript JSX", 0, 0, 0, 0, 0, 0, 0, 0, 0, 0, 0, 2, 0, 0, 0, 0, 0, 2, 4
"c:\Users\omnora\OneDrive\Desktop\new_system\omnora-prime-v13\src\app\settings\loading.tsx", "TypeScript JSX", 0, 0, 0, 0, 0, 0, 0, 0, 0, 0, 0, 47, 0, 0, 0, 0, 4, 5, 56
"c:\Users\omnora\OneDrive\Desktop\new_system\omnora-prime-v13\src\app\settings\localization\loading.tsx", "TypeScript JSX", 0, 0, 0, 0, 0, 0, 0, 0, 0, 0, 0, 47, 0, 0, 0, 0, 4, 5, 56
"c:\Users\omnora\OneDrive\Desktop\new_system\omnora-prime-v13\src\app\settings\localization\page.tsx", "TypeScript JSX", 0, 0, 0, 0, 0, 0, 0, 0, 0, 0, 0, 201, 0, 0, 0, 0, 8, 15, 224
"c:\Users\omnora\OneDrive\Desktop\new_system\omnora-prime-v13\src\app\settings\opening-balances\loading.tsx", "TypeScript JSX", 0, 0, 0, 0, 0, 0, 0, 0, 0, 0, 0, 47, 0, 0, 0, 0, 4, 5, 56
"c:\Users\omnora\OneDrive\Desktop\new_system\omnora-prime-v13\src\app\settings\opening-balances\page.tsx", "TypeScript JSX", 0, 0, 0, 0, 0, 0, 0, 0, 0, 0, 0, 262, 0, 0, 0, 0, 7, 21, 290
"c:\Users\omnora\OneDrive\Desktop\new_system\omnora-prime-v13\src\app\settings\page.tsx", "TypeScript JSX", 0, 0, 0, 0, 0, 0, 0, 0, 0, 0, 0, 1607, 0, 0, 0, 0, 18, 117, 1742
"c:\Users\omnora\OneDrive\Desktop\new_system\omnora-prime-v13\src\app\settings\partners\loading.tsx", "TypeScript JSX", 0, 0, 0, 0, 0, 0, 0, 0, 0, 0, 0, 47, 0, 0, 0, 0, 4, 5, 56
"c:\Users\omnora\OneDrive\Desktop\new_system\omnora-prime-v13\src\app\settings\partners\page.tsx", "TypeScript JSX", 0, 0, 0, 0, 0, 0, 0, 0, 0, 0, 0, 259, 0, 0, 0, 0, 1, 31, 291
"c:\Users\omnora\OneDrive\Desktop\new_system\omnora-prime-v13\src\app\settings\security\loading.tsx", "TypeScript JSX", 0, 0, 0, 0, 0, 0, 0, 0, 0, 0, 0, 47, 0, 0, 0, 0, 4, 5, 56
"c:\Users\omnora\OneDrive\Desktop\new_system\omnora-prime-v13\src\app\settings\security\page.tsx", "TypeScript JSX", 0, 0, 0, 0, 0, 0, 0, 0, 0, 0, 0, 225, 0, 0, 0, 0, 7, 23, 255
"c:\Users\omnora\OneDrive\Desktop\new_system\omnora-prime-v13\src\app\settings\updates\loading.tsx", "TypeScript JSX", 0, 0, 0, 0, 0, 0, 0, 0, 0, 0, 0, 47, 0, 0, 0, 0, 4, 5, 56
"c:\Users\omnora\OneDrive\Desktop\new_system\omnora-prime-v13\src\app\settings\updates\page.tsx", "TypeScript JSX", 0, 0, 0, 0, 0, 0, 0, 0, 0, 0, 0, 629, 0, 0, 0, 0, 18, 53, 700
"c:\Users\omnora\OneDrive\Desktop\new_system\omnora-prime-v13\src\app\settings\users\loading.tsx", "TypeScript JSX", 0, 0, 0, 0, 0, 0, 0, 0, 0, 0, 0, 47, 0, 0, 0, 0, 4, 5, 56
"c:\Users\omnora\OneDrive\Desktop\new_system\omnora-prime-v13\src\app\settings\users\page.tsx", "TypeScript JSX", 0, 0, 0, 0, 0, 0, 0, 0, 0, 0, 0, 313, 0, 0, 0, 0, 10, 27, 350
"c:\Users\omnora\OneDrive\Desktop\new_system\omnora-prime-v13\src\app\settings\webhooks\loading.tsx", "TypeScript JSX", 0, 0, 0, 0, 0, 0, 0, 0, 0, 0, 0, 47, 0, 0, 0, 0, 4, 5, 56
"c:\Users\omnora\OneDrive\Desktop\new_system\omnora-prime-v13\src\app\settings\webhooks\page.tsx", "TypeScript JSX", 0, 0, 0, 0, 0, 0, 0, 0, 0, 0, 0, 171, 0, 0, 0, 0, 5, 11, 187
"c:\Users\omnora\OneDrive\Desktop\new_system\omnora-prime-v13\src\app\settings\whatsapp\loading.tsx", "TypeScript JSX", 0, 0, 0, 0, 0, 0, 0, 0, 0, 0, 0, 47, 0, 0, 0, 0, 4, 5, 56
"c:\Users\omnora\OneDrive\Desktop\new_system\omnora-prime-v13\src\app\settings\whatsapp\page.tsx", "TypeScript JSX", 0, 0, 0, 0, 0, 0, 0, 0, 0, 0, 0, 365, 0, 0, 0, 0, 9, 28, 402
"c:\Users\omnora\OneDrive\Desktop\new_system\omnora-prime-v13\src\app\setup\loading.tsx", "TypeScript JSX", 0, 0, 0, 0, 0, 0, 0, 0, 0, 0, 0, 47, 0, 0, 0, 0, 4, 5, 56
"c:\Users\omnora\OneDrive\Desktop\new_system\omnora-prime-v13\src\app\setup\page.tsx", "TypeScript JSX", 0, 0, 0, 0, 0, 0, 0, 0, 0, 0, 0, 992, 0, 0, 0, 0, 38, 76, 1106
"c:\Users\omnora\OneDrive\Desktop\new_system\omnora-prime-v13\src\app\sitemap.ts", "TypeScript", 0, 0, 0, 116, 0, 0, 0, 0, 0, 0, 0, 0, 0, 0, 0, 0, 0, 4, 120
"c:\Users\omnora\OneDrive\Desktop\new_system\omnora-prime-v13\src\app\stock\[skuId]\batches\loading.tsx", "TypeScript JSX", 0, 0, 0, 0, 0, 0, 0, 0, 0, 0, 0, 47, 0, 0, 0, 0, 4, 5, 56
"c:\Users\omnora\OneDrive\Desktop\new_system\omnora-prime-v13\src\app\stock\[skuId]\batches\page.tsx", "TypeScript JSX", 0, 0, 0, 0, 0, 0, 0, 0, 0, 0, 0, 133, 0, 0, 0, 0, 2, 12, 147
"c:\Users\omnora\OneDrive\Desktop\new_system\omnora-prime-v13\src\app\stock\[skuId]\layout.tsx", "TypeScript JSX", 0, 0, 0, 0, 0, 0, 0, 0, 0, 0, 0, 6, 0, 0, 0, 0, 0, 2, 8
"c:\Users\omnora\OneDrive\Desktop\new_system\omnora-prime-v13\src\app\stock\[skuId]\loading.tsx", "TypeScript JSX", 0, 0, 0, 0, 0, 0, 0, 0, 0, 0, 0, 47, 0, 0, 0, 0, 4, 5, 56
"c:\Users\omnora\OneDrive\Desktop\new_system\omnora-prime-v13\src\app\stock\[skuId]\page.tsx", "TypeScript JSX", 0, 0, 0, 0, 0, 0, 0, 0, 0, 0, 0, 548, 0, 0, 0, 0, 14, 42, 604
"c:\Users\omnora\OneDrive\Desktop\new_system\omnora-prime-v13\src\app\stock\loading.tsx", "TypeScript JSX", 0, 0, 0, 0, 0, 0, 0, 0, 0, 0, 0, 52, 0, 0, 0, 0, 3, 4, 59
"c:\Users\omnora\OneDrive\Desktop\new_system\omnora-prime-v13\src\app\stock\page.tsx", "TypeScript JSX", 0, 0, 0, 0, 0, 0, 0, 0, 0, 0, 0, 336, 0, 0, 0, 0, 4, 18, 358
"c:\Users\omnora\OneDrive\Desktop\new_system\omnora-prime-v13\src\app\success\loading.tsx", "TypeScript JSX", 0, 0, 0, 0, 0, 0, 0, 0, 0, 0, 0, 47, 0, 0, 0, 0, 4, 5, 56
"c:\Users\omnora\OneDrive\Desktop\new_system\omnora-prime-v13\src\app\success\page.tsx", "TypeScript JSX", 0, 0, 0, 0, 0, 0, 0, 0, 0, 0, 0, 298, 0, 0, 0, 0, 8, 18, 324
"c:\Users\omnora\OneDrive\Desktop\new_system\omnora-prime-v13\src\app\technology\loading.tsx", "TypeScript JSX", 0, 0, 0, 0, 0, 0, 0, 0, 0, 0, 0, 47, 0, 0, 0, 0, 4, 5, 56
"c:\Users\omnora\OneDrive\Desktop\new_system\omnora-prime-v13\src\app\technology\page.tsx", "TypeScript JSX", 0, 0, 0, 0, 0, 0, 0, 0, 0, 0, 0, 236, 0, 0, 0, 0, 14, 24, 274
"c:\Users\omnora\OneDrive\Desktop\new_system\omnora-prime-v13\src\app\terms\loading.tsx", "TypeScript JSX", 0, 0, 0, 0, 0, 0, 0, 0, 0, 0, 0, 47, 0, 0, 0, 0, 4, 5, 56
"c:\Users\omnora\OneDrive\Desktop\new_system\omnora-prime-v13\src\app\terms\page.tsx", "TypeScript JSX", 0, 0, 0, 0, 0, 0, 0, 0, 0, 0, 0, 336, 0, 0, 0, 0, 3, 19, 358
"c:\Users\omnora\OneDrive\Desktop\new_system\omnora-prime-v13\src\app\test-supabase\loading.tsx", "TypeScript JSX", 0, 0, 0, 0, 0, 0, 0, 0, 0, 0, 0, 47, 0, 0, 0, 0, 4, 5, 56
"c:\Users\omnora\OneDrive\Desktop\new_system\omnora-prime-v13\src\app\test-supabase\page.tsx", "TypeScript JSX", 0, 0, 0, 0, 0, 0, 0, 0, 0, 0, 0, 4, 0, 0, 0, 0, 0, 2, 6
"c:\Users\omnora\OneDrive\Desktop\new_system\omnora-prime-v13\src\app\testing\loading.tsx", "TypeScript JSX", 0, 0, 0, 0, 0, 0, 0, 0, 0, 0, 0, 47, 0, 0, 0, 0, 4, 5, 56
"c:\Users\omnora\OneDrive\Desktop\new_system\omnora-prime-v13\src\app\testing\page.tsx", "TypeScript JSX", 0, 0, 0, 0, 0, 0, 0, 0, 0, 0, 0, 65, 0, 0, 0, 0, 5, 10, 80
"c:\Users\omnora\OneDrive\Desktop\new_system\omnora-prime-v13\src\app\unauthorized\loading.tsx", "TypeScript JSX", 0, 0, 0, 0, 0, 0, 0, 0, 0, 0, 0, 47, 0, 0, 0, 0, 4, 5, 56
"c:\Users\omnora\OneDrive\Desktop\new_system\omnora-prime-v13\src\app\unauthorized\page.tsx", "TypeScript JSX", 0, 0, 0, 0, 0, 0, 0, 0, 0, 0, 0, 24, 0, 0, 0, 0, 0, 4, 28
"c:\Users\omnora\OneDrive\Desktop\new_system\omnora-prime-v13\src\app\weight-entry\loading.tsx", "TypeScript JSX", 0, 0, 0, 0, 0, 0, 0, 0, 0, 0, 0, 47, 0, 0, 0, 0, 4, 5, 56
"c:\Users\omnora\OneDrive\Desktop\new_system\omnora-prime-v13\src\app\weight-entry\page.tsx", "TypeScript JSX", 0, 0, 0, 0, 0, 0, 0, 0, 0, 0, 0, 651, 0, 0, 0, 0, 40, 77, 768
"c:\Users\omnora\OneDrive\Desktop\new_system\omnora-prime-v13\src\app\whats-new\loading.tsx", "TypeScript JSX", 0, 0, 0, 0, 0, 0, 0, 0, 0, 0, 0, 47, 0, 0, 0, 0, 4, 5, 56
"c:\Users\omnora\OneDrive\Desktop\new_system\omnora-prime-v13\src\app\whats-new\page.tsx", "TypeScript JSX", 0, 0, 0, 0, 0, 0, 0, 0, 0, 0, 0, 76, 0, 0, 0, 0, 3, 8, 87
"c:\Users\omnora\OneDrive\Desktop\new_system\omnora-prime-v13\src\app\who-is-it-for\loading.tsx", "TypeScript JSX", 0, 0, 0, 0, 0, 0, 0, 0, 0, 0, 0, 47, 0, 0, 0, 0, 4, 5, 56
"c:\Users\omnora\OneDrive\Desktop\new_system\omnora-prime-v13\src\app\who-is-it-for\page.tsx", "TypeScript JSX", 0, 0, 0, 0, 0, 0, 0, 0, 0, 0, 0, 257, 0, 0, 0, 0, 8, 16, 281
"c:\Users\omnora\OneDrive\Desktop\new_system\omnora-prime-v13\src\app\workflows\loading.tsx", "TypeScript JSX", 0, 0, 0, 0, 0, 0, 0, 0, 0, 0, 0, 47, 0, 0, 0, 0, 4, 5, 56
"c:\Users\omnora\OneDrive\Desktop\new_system\omnora-prime-v13\src\app\workflows\page.tsx", "TypeScript JSX", 0, 0, 0, 0, 0, 0, 0, 0, 0, 0, 0, 692, 0, 0, 0, 0, 11, 34, 737
"c:\Users\omnora\OneDrive\Desktop\new_system\omnora-prime-v13\src\app\workforce\loading.tsx", "TypeScript JSX", 0, 0, 0, 0, 0, 0, 0, 0, 0, 0, 0, 47, 0, 0, 0, 0, 4, 5, 56
"c:\Users\omnora\OneDrive\Desktop\new_system\omnora-prime-v13\src\app\workforce\page.tsx", "TypeScript JSX", 0, 0, 0, 0, 0, 0, 0, 0, 0, 0, 0, 4, 0, 0, 0, 0, 0, 1, 5
"c:\Users\omnora\OneDrive\Desktop\new_system\omnora-prime-v13\src\cloudflare-worker.ts", "TypeScript", 0, 0, 0, 153, 0, 0, 0, 0, 0, 0, 0, 0, 0, 0, 0, 0, 5, 15, 173
"c:\Users\omnora\OneDrive\Desktop\new_system\omnora-prime-v13\src\components\DraftRecoveryBanner.tsx", "TypeScript JSX", 0, 0, 0, 0, 0, 0, 0, 0, 0, 0, 0, 65, 0, 0, 0, 0, 0, 7, 72
"c:\Users\omnora\OneDrive\Desktop\new_system\omnora-prime-v13\src\components\Footer.tsx", "TypeScript JSX", 0, 0, 0, 0, 0, 0, 0, 0, 0, 0, 0, 102, 0, 0, 0, 0, 3, 8, 113
"c:\Users\omnora\OneDrive\Desktop\new_system\omnora-prime-v13\src\components\Nav.tsx", "TypeScript JSX", 0, 0, 0, 0, 0, 0, 0, 0, 0, 0, 0, 151, 0, 0, 0, 0, 5, 12, 168
"c:\Users\omnora\OneDrive\Desktop\new_system\omnora-prime-v13\src\components\StructuredData.tsx", "TypeScript JSX", 0, 0, 0, 0, 0, 0, 0, 0, 0, 0, 0, 143, 0, 0, 0, 0, 0, 4, 147
"c:\Users\omnora\OneDrive\Desktop\new_system\omnora-prime-v13\src\components\WhatsAppFloat.tsx", "TypeScript JSX", 0, 0, 0, 0, 0, 0, 0, 0, 0, 0, 0, 35, 0, 0, 0, 0, 1, 5, 41
"c:\Users\omnora\OneDrive\Desktop\new_system\omnora-prime-v13\src\components\alerts\SentinelAlertOverlay.tsx", "TypeScript JSX", 0, 0, 0, 0, 0, 0, 0, 0, 0, 0, 0, 152, 0, 0, 0, 0, 7, 24, 183
"c:\Users\omnora\OneDrive\Desktop\new_system\omnora-prime-v13\src\components\cctv\AddCameraWizard.tsx", "TypeScript JSX", 0, 0, 0, 0, 0, 0, 0, 0, 0, 0, 0, 502, 0, 0, 0, 0, 17, 44, 563
"c:\Users\omnora\OneDrive\Desktop\new_system\omnora-prime-v13\src\components\cctv\CameraEventFeed.tsx", "TypeScript JSX", 0, 0, 0, 0, 0, 0, 0, 0, 0, 0, 0, 194, 0, 0, 0, 0, 10, 17, 221
"c:\Users\omnora\OneDrive\Desktop\new_system\omnora-prime-v13\src\components\cctv\CameraGrid.tsx", "TypeScript JSX", 0, 0, 0, 0, 0, 0, 0, 0, 0, 0, 0, 260, 0, 0, 0, 0, 11, 28, 299
"c:\Users\omnora\OneDrive\Desktop\new_system\omnora-prime-v13\src\components\cctv\CameraSettings.tsx", "TypeScript JSX", 0, 0, 0, 0, 0, 0, 0, 0, 0, 0, 0, 413, 0, 0, 0, 0, 6, 36, 455
"c:\Users\omnora\OneDrive\Desktop\new_system\omnora-prime-v13\src\components\cctv\PlaybackViewer.tsx", "TypeScript JSX", 0, 0, 0, 0, 0, 0, 0, 0, 0, 0, 0, 195, 0, 0, 0, 0, 5, 17, 217
"c:\Users\omnora\OneDrive\Desktop\new_system\omnora-prime-v13\src\components\common\UniversalLabelGenerator.tsx", "TypeScript JSX", 0, 0, 0, 0, 0, 0, 0, 0, 0, 0, 0, 431, 0, 0, 0, 0, 20, 43, 494
"c:\Users\omnora\OneDrive\Desktop\new_system\omnora-prime-v13\src\components\dashboard\ActionFeed.tsx", "TypeScript JSX", 0, 0, 0, 0, 0, 0, 0, 0, 0, 0, 0, 174, 0, 0, 0, 0, 6, 19, 199
"c:\Users\omnora\OneDrive\Desktop\new_system\omnora-prime-v13\src\components\dashboard\CCTVWidget.tsx", "TypeScript JSX", 0, 0, 0, 0, 0, 0, 0, 0, 0, 0, 0, 167, 0, 0, 0, 0, 3, 17, 187
"c:\Users\omnora\OneDrive\Desktop\new_system\omnora-prime-v13\src\components\dashboard\CctvNodeGrid.tsx", "TypeScript JSX", 0, 0, 0, 0, 0, 0, 0, 0, 0, 0, 0, 88, 0, 0, 0, 0, 1, 13, 102
"c:\Users\omnora\OneDrive\Desktop\new_system\omnora-prime-v13\src\components\dashboard\DailyBrief.tsx", "TypeScript JSX", 0, 0, 0, 0, 0, 0, 0, 0, 0, 0, 0, 125, 0, 0, 0, 0, 2, 18, 145
"c:\Users\omnora\OneDrive\Desktop\new_system\omnora-prime-v13\src\components\dashboard\DataHealthCard.tsx", "TypeScript JSX", 0, 0, 0, 0, 0, 0, 0, 0, 0, 0, 0, 123, 0, 0, 0, 0, 6, 14, 143
"c:\Users\omnora\OneDrive\Desktop\new_system\omnora-prime-v13\src\components\dashboard\DeadStockWidget.tsx", "TypeScript JSX", 0, 0, 0, 0, 0, 0, 0, 0, 0, 0, 0, 109, 0, 0, 0, 0, 0, 11, 120
"c:\Users\omnora\OneDrive\Desktop\new_system\omnora-prime-v13\src\components\dashboard\ExpiryWidget.tsx", "TypeScript JSX", 0, 0, 0, 0, 0, 0, 0, 0, 0, 0, 0, 74, 0, 0, 0, 0, 0, 7, 81
"c:\Users\omnora\OneDrive\Desktop\new_system\omnora-prime-v13\src\components\dashboard\ForesightPreview.tsx", "TypeScript JSX", 0, 0, 0, 0, 0, 0, 0, 0, 0, 0, 0, 31, 0, 0, 0, 0, 0, 5, 36
"c:\Users\omnora\OneDrive\Desktop\new_system\omnora-prime-v13\src\components\dashboard\IndustryWidget.tsx", "TypeScript JSX", 0, 0, 0, 0, 0, 0, 0, 0, 0, 0, 0, 267, 0, 0, 0, 0, 5, 29, 301
"c:\Users\omnora\OneDrive\Desktop\new_system\omnora-prime-v13\src\components\dashboard\IntelligenceWidget.tsx", "TypeScript JSX", 0, 0, 0, 0, 0, 0, 0, 0, 0, 0, 0, 180, 0, 0, 0, 0, 7, 23, 210
"c:\Users\omnora\OneDrive\Desktop\new_system\omnora-prime-v13\src\components\dashboard\KpiCard.tsx", "TypeScript JSX", 0, 0, 0, 0, 0, 0, 0, 0, 0, 0, 0, 138, 0, 0, 0, 0, 6, 15, 159
"c:\Users\omnora\OneDrive\Desktop\new_system\omnora-prime-v13\src\components\dashboard\MobileAppBanner.tsx", "TypeScript JSX", 0, 0, 0, 0, 0, 0, 0, 0, 0, 0, 0, 54, 0, 0, 0, 0, 0, 9, 63
"c:\Users\omnora\OneDrive\Desktop\new_system\omnora-prime-v13\src\components\dashboard\NoxisChart.tsx", "TypeScript JSX", 0, 0, 0, 0, 0, 0, 0, 0, 0, 0, 0, 51, 0, 0, 0, 0, 2, 15, 68
"c:\Users\omnora\OneDrive\Desktop\new_system\omnora-prime-v13\src\components\dashboard\PatternAlerts.tsx", "TypeScript JSX", 0, 0, 0, 0, 0, 0, 0, 0, 0, 0, 0, 86, 0, 0, 0, 0, 0, 8, 94
"c:\Users\omnora\OneDrive\Desktop\new_system\omnora-prime-v13\src\components\dashboard\PromiseAlertWidget.tsx", "TypeScript JSX", 0, 0, 0, 0, 0, 0, 0, 0, 0, 0, 0, 143, 0, 0, 0, 0, 0, 14, 157
"c:\Users\omnora\OneDrive\Desktop\new_system\omnora-prime-v13\src\components\dashboard\RecentInvoices.tsx", "TypeScript JSX", 0, 0, 0, 0, 0, 0, 0, 0, 0, 0, 0, 80, 0, 0, 0, 0, 0, 5, 85
"c:\Users\omnora\OneDrive\Desktop\new_system\omnora-prime-v13\src\components\dashboard\SmartGreeting.tsx", "TypeScript JSX", 0, 0, 0, 0, 0, 0, 0, 0, 0, 0, 0, 45, 0, 0, 0, 0, 0, 8, 53
"c:\Users\omnora\OneDrive\Desktop\new_system\omnora-prime-v13\src\components\dashboard\widgets\WidgetRegistry.tsx", "TypeScript JSX", 0, 0, 0, 0, 0, 0, 0, 0, 0, 0, 0, 388, 0, 0, 0, 0, 18, 45, 451
"c:\Users\omnora\OneDrive\Desktop\new_system\omnora-prime-v13\src\components\docs\BackButton.tsx", "TypeScript JSX", 0, 0, 0, 0, 0, 0, 0, 0, 0, 0, 0, 13, 0, 0, 0, 0, 0, 3, 16
"c:\Users\omnora\OneDrive\Desktop\new_system\omnora-prime-v13\src\components\download\OrderConfirmation.tsx", "TypeScript JSX", 0, 0, 0, 0, 0, 0, 0, 0, 0, 0, 0, 115, 0, 0, 0, 0, 5, 15, 135
"c:\Users\omnora\OneDrive\Desktop\new_system\omnora-prime-v13\src\components\intelligence\ForecastBadge.tsx", "TypeScript JSX", 0, 0, 0, 0, 0, 0, 0, 0, 0, 0, 0, 69, 0, 0, 0, 0, 4, 14, 87
"c:\Users\omnora\OneDrive\Desktop\new_system\omnora-prime-v13\src\components\intelligence\SentinelHeatmap.tsx", "TypeScript JSX", 0, 0, 0, 0, 0, 0, 0, 0, 0, 0, 0, 61, 0, 0, 0, 0, 3, 12, 76
"c:\Users\omnora\OneDrive\Desktop\new_system\omnora-prime-v13\src\components\inventory\SKUFormModal.tsx", "TypeScript JSX", 0, 0, 0, 0, 0, 0, 0, 0, 0, 0, 0, 525, 0, 0, 0, 0, 17, 46, 588
"c:\Users\omnora\OneDrive\Desktop\new_system\omnora-prime-v13\src\components\invoices\CreditRiskBadge.tsx", "TypeScript JSX", 0, 0, 0, 0, 0, 0, 0, 0, 0, 0, 0, 70, 0, 0, 0, 0, 0, 10, 80
"c:\Users\omnora\OneDrive\Desktop\new_system\omnora-prime-v13\src\components\karigars\ApproveAdvanceModal.tsx", "TypeScript JSX", 0, 0, 0, 0, 0, 0, 0, 0, 0, 0, 0, 170, 0, 0, 0, 0, 2, 22, 194
"c:\Users\omnora\OneDrive\Desktop\new_system\omnora-prime-v13\src\components\karigars\KarigarGradeBadge.tsx", "TypeScript JSX", 0, 0, 0, 0, 0, 0, 0, 0, 0, 0, 0, 42, 0, 0, 0, 0, 0, 7, 49
"c:\Users\omnora\OneDrive\Desktop\new_system\omnora-prime-v13\src\components\khata\AddAccountModal.tsx", "TypeScript JSX", 0, 0, 0, 0, 0, 0, 0, 0, 0, 0, 0, 80, 0, 0, 0, 0, 0, 9, 89
"c:\Users\omnora\OneDrive\Desktop\new_system\omnora-prime-v13\src\components\khata\AddPartyModal.tsx", "TypeScript JSX", 0, 0, 0, 0, 0, 0, 0, 0, 0, 0, 0, 1, 0, 0, 0, 0, 0, 1, 2
"c:\Users\omnora\OneDrive\Desktop\new_system\omnora-prime-v13\src\components\khata\KhataEntryModal.tsx", "TypeScript JSX", 0, 0, 0, 0, 0, 0, 0, 0, 0, 0, 0, 440, 0, 0, 0, 0, 8, 43, 491
"c:\Users\omnora\OneDrive\Desktop\new_system\omnora-prime-v13\src\components\khata\LedgerReceipt.tsx", "TypeScript JSX", 0, 0, 0, 0, 0, 0, 0, 0, 0, 0, 0, 260, 0, 0, 0, 0, 14, 23, 297
"c:\Users\omnora\OneDrive\Desktop\new_system\omnora-prime-v13\src\components\khata\MasterPinModal.tsx", "TypeScript JSX", 0, 0, 0, 0, 0, 0, 0, 0, 0, 0, 0, 95, 0, 0, 0, 0, 1, 10, 106
"c:\Users\omnora\OneDrive\Desktop\new_system\omnora-prime-v13\src\components\knowledge\AskNoxis.tsx", "TypeScript JSX", 0, 0, 0, 0, 0, 0, 0, 0, 0, 0, 0, 218, 0, 0, 0, 0, 8, 29, 255
"c:\Users\omnora\OneDrive\Desktop\new_system\omnora-prime-v13\src\components\landing\LandingMotion.tsx", "TypeScript JSX", 0, 0, 0, 0, 0, 0, 0, 0, 0, 0, 0, 543, 0, 0, 0, 0, 1, 36, 580
"c:\Users\omnora\OneDrive\Desktop\new_system\omnora-prime-v13\src\components\layout\BranchSwitcher.tsx", "TypeScript JSX", 0, 0, 0, 0, 0, 0, 0, 0, 0, 0, 0, 206, 0, 0, 0, 0, 3, 17, 226
"c:\Users\omnora\OneDrive\Desktop\new_system\omnora-prime-v13\src\components\layout\TopBar.tsx", "TypeScript JSX", 0, 0, 0, 0, 0, 0, 0, 0, 0, 0, 0, 55, 0, 0, 0, 0, 4, 11, 70
"c:\Users\omnora\OneDrive\Desktop\new_system\omnora-prime-v13\src\components\license\ActivationCelebration.tsx", "TypeScript JSX", 0, 0, 0, 0, 0, 0, 0, 0, 0, 0, 0, 186, 0, 0, 0, 0, 5, 20, 211
"c:\Users\omnora\OneDrive\Desktop\new_system\omnora-prime-v13\src\components\license\CloudBackupNudge.tsx", "TypeScript JSX", 0, 0, 0, 0, 0, 0, 0, 0, 0, 0, 0, 87, 0, 0, 0, 0, 4, 15, 106
"c:\Users\omnora\OneDrive\Desktop\new_system\omnora-prime-v13\src\components\license\ExpiryBanner.tsx", "TypeScript JSX", 0, 0, 0, 0, 0, 0, 0, 0, 0, 0, 0, 123, 0, 0, 0, 0, 8, 16, 147
"c:\Users\omnora\OneDrive\Desktop\new_system\omnora-prime-v13\src\components\license\FreeLimitBar.tsx", "TypeScript JSX", 0, 0, 0, 0, 0, 0, 0, 0, 0, 0, 0, 77, 0, 0, 0, 0, 4, 12, 93
"c:\Users\omnora\OneDrive\Desktop\new_system\omnora-prime-v13\src\components\license\LicenseReminderModal.tsx", "TypeScript JSX", 0, 0, 0, 0, 0, 0, 0, 0, 0, 0, 0, 159, 0, 0, 0, 0, 10, 15, 184
"c:\Users\omnora\OneDrive\Desktop\new_system\omnora-prime-v13\src\components\license\SoftLimitModal.tsx", "TypeScript JSX", 0, 0, 0, 0, 0, 0, 0, 0, 0, 0, 0, 69, 0, 0, 0, 0, 0, 14, 83
"c:\Users\omnora\OneDrive\Desktop\new_system\omnora-prime-v13\src\components\license\UpgradeGate.tsx", "TypeScript JSX", 0, 0, 0, 0, 0, 0, 0, 0, 0, 0, 0, 200, 0, 0, 0, 0, 8, 26, 234
"c:\Users\omnora\OneDrive\Desktop\new_system\omnora-prime-v13\src\components\manufacturing\KarigarJobCard.tsx", "TypeScript JSX", 0, 0, 0, 0, 0, 0, 0, 0, 0, 0, 0, 199, 0, 0, 0, 0, 7, 21, 227
"c:\Users\omnora\OneDrive\Desktop\new_system\omnora-prime-v13\src\components\notifications\LowStockBanner.tsx", "TypeScript JSX", 0, 0, 0, 0, 0, 0, 0, 0, 0, 0, 0, 54, 0, 0, 0, 0, 0, 8, 62
"c:\Users\omnora\OneDrive\Desktop\new_system\omnora-prime-v13\src\components\onboarding\BusinessModeSelector.tsx", "TypeScript JSX", 0, 0, 0, 0, 0, 0, 0, 0, 0, 0, 0, 320, 0, 0, 0, 0, 16, 31, 367
"c:\Users\omnora\OneDrive\Desktop\new_system\omnora-prime-v13\src\components\onboarding\ProductTour.tsx", "TypeScript JSX", 0, 0, 0, 0, 0, 0, 0, 0, 0, 0, 0, 118, 0, 0, 0, 0, 2, 6, 126
"c:\Users\omnora\OneDrive\Desktop\new_system\omnora-prime-v13\src\components\onboarding\WelcomeGuide.tsx", "TypeScript JSX", 0, 0, 0, 0, 0, 0, 0, 0, 0, 0, 0, 271, 0, 0, 0, 0, 3, 21, 295
"c:\Users\omnora\OneDrive\Desktop\new_system\omnora-prime-v13\src\components\parties\AddPartyModal.tsx", "TypeScript JSX", 0, 0, 0, 0, 0, 0, 0, 0, 0, 0, 0, 471, 0, 0, 0, 0, 21, 41, 533
"c:\Users\omnora\OneDrive\Desktop\new_system\omnora-prime-v13\src\components\parties\EditPartyModal.tsx", "TypeScript JSX", 0, 0, 0, 0, 0, 0, 0, 0, 0, 0, 0, 642, 0, 0, 0, 0, 30, 55, 727
"c:\Users\omnora\OneDrive\Desktop\new_system\omnora-prime-v13\src\components\parties\PartyPortalSection.tsx", "TypeScript JSX", 0, 0, 0, 0, 0, 0, 0, 0, 0, 0, 0, 81, 0, 0, 0, 0, 0, 11, 92
"c:\Users\omnora\OneDrive\Desktop\new_system\omnora-prime-v13\src\components\parties\SharePortalButton.tsx", "TypeScript JSX", 0, 0, 0, 0, 0, 0, 0, 0, 0, 0, 0, 188, 0, 0, 0, 0, 1, 21, 210
"c:\Users\omnora\OneDrive\Desktop\new_system\omnora-prime-v13\src\components\payments\PaymentModal.tsx", "TypeScript JSX", 0, 0, 0, 0, 0, 0, 0, 0, 0, 0, 0, 215, 0, 0, 0, 0, 6, 25, 246
"c:\Users\omnora\OneDrive\Desktop\new_system\omnora-prime-v13\src\components\payroll\PaySlipModal.tsx", "TypeScript JSX", 0, 0, 0, 0, 0, 0, 0, 0, 0, 0, 0, 146, 0, 0, 0, 0, 5, 19, 170
"c:\Users\omnora\OneDrive\Desktop\new_system\omnora-prime-v13\src\components\portal\PaymentModal.tsx", "TypeScript JSX", 0, 0, 0, 0, 0, 0, 0, 0, 0, 0, 0, 219, 0, 0, 0, 0, 11, 23, 253
"c:\Users\omnora\OneDrive\Desktop\new_system\omnora-prime-v13\src\components\portal\PortalPaymentModal.tsx", "TypeScript JSX", 0, 0, 0, 0, 0, 0, 0, 0, 0, 0, 0, 168, 0, 0, 0, 0, 11, 22, 201
"c:\Users\omnora\OneDrive\Desktop\new_system\omnora-prime-v13\src\components\pricing\HWIDActivationModal.tsx", "TypeScript JSX", 0, 0, 0, 0, 0, 0, 0, 0, 0, 0, 0, 177, 0, 0, 0, 0, 3, 20, 200
"c:\Users\omnora\OneDrive\Desktop\new_system\omnora-prime-v13\src\components\procurement\ReorderSuggestions.tsx", "TypeScript JSX", 0, 0, 0, 0, 0, 0, 0, 0, 0, 0, 0, 100, 0, 0, 0, 0, 2, 12, 114
"c:\Users\omnora\OneDrive\Desktop\new_system\omnora-prime-v13\src\components\procurement\SupplierPaymentModal.tsx", "TypeScript JSX", 0, 0, 0, 0, 0, 0, 0, 0, 0, 0, 0, 158, 0, 0, 0, 0, 5, 20, 183
"c:\Users\omnora\OneDrive\Desktop\new_system\omnora-prime-v13\src\components\production\HandoverCard.tsx", "TypeScript JSX", 0, 0, 0, 0, 0, 0, 0, 0, 0, 0, 0, 144, 0, 0, 0, 0, 6, 15, 165
"c:\Users\omnora\OneDrive\Desktop\new_system\omnora-prime-v13\src\components\production\MomentumBar.tsx", "TypeScript JSX", 0, 0, 0, 0, 0, 0, 0, 0, 0, 0, 0, 61, 0, 0, 0, 0, 0, 11, 72
"c:\Users\omnora\OneDrive\Desktop\new_system\omnora-prime-v13\src\components\production\QuickProductionModal.tsx", "TypeScript JSX", 0, 0, 0, 0, 0, 0, 0, 0, 0, 0, 0, 216, 0, 0, 0, 0, 5, 24, 245
"c:\Users\omnora\OneDrive\Desktop\new_system\omnora-prime-v13\src\components\providers\AuditProvider.tsx", "TypeScript JSX", 0, 0, 0, 0, 0, 0, 0, 0, 0, 0, 0, 36, 0, 0, 0, 0, 1, 8, 45
"c:\Users\omnora\OneDrive\Desktop\new_system\omnora-prime-v13\src\components\providers\ClientI18nProvider.tsx", "TypeScript JSX", 0, 0, 0, 0, 0, 0, 0, 0, 0, 0, 0, 58, 0, 0, 0, 0, 0, 8, 66
"c:\Users\omnora\OneDrive\Desktop\new_system\omnora-prime-v13\src\components\providers\ElectronMotionWrapper.tsx", "TypeScript JSX", 0, 0, 0, 0, 0, 0, 0, 0, 0, 0, 0, 34, 0, 0, 0, 0, 0, 5, 39
"c:\Users\omnora\OneDrive\Desktop\new_system\omnora-prime-v13\src\components\providers\IndustryProvider.tsx", "TypeScript JSX", 0, 0, 0, 0, 0, 0, 0, 0, 0, 0, 0, 75, 0, 0, 0, 0, 1, 15, 91
"c:\Users\omnora\OneDrive\Desktop\new_system\omnora-prime-v13\src\components\providers\LicenseInitializer.tsx", "TypeScript JSX", 0, 0, 0, 0, 0, 0, 0, 0, 0, 0, 0, 219, 0, 0, 0, 0, 15, 26, 260
"c:\Users\omnora\OneDrive\Desktop\new_system\omnora-prime-v13\src\components\providers\QueryProvider.tsx", "TypeScript JSX", 0, 0, 0, 0, 0, 0, 0, 0, 0, 0, 0, 19, 0, 0, 0, 0, 1, 7, 27
"c:\Users\omnora\OneDrive\Desktop\new_system\omnora-prime-v13\src\components\providers\ThemeInitializer.tsx", "TypeScript JSX", 0, 0, 0, 0, 0, 0, 0, 0, 0, 0, 0, 15, 0, 0, 0, 0, 0, 5, 20
"c:\Users\omnora\OneDrive\Desktop\new_system\omnora-prime-v13\src\components\rbac\Can.tsx", "TypeScript JSX", 0, 0, 0, 0, 0, 0, 0, 0, 0, 0, 0, 17, 0, 0, 0, 0, 0, 3, 20
"c:\Users\omnora\OneDrive\Desktop\new_system\omnora-prime-v13\src\components\reports\PnLChart.tsx", "TypeScript JSX", 0, 0, 0, 0, 0, 0, 0, 0, 0, 0, 0, 70, 0, 0, 0, 0, 1, 9, 80
"c:\Users\omnora\OneDrive\Desktop\new_system\omnora-prime-v13\src\components\security\SessionMonitor.tsx", "TypeScript JSX", 0, 0, 0, 0, 0, 0, 0, 0, 0, 0, 0, 54, 0, 0, 0, 0, 5, 12, 71
"c:\Users\omnora\OneDrive\Desktop\new_system\omnora-prime-v13\src\components\sentinel\SentinelAssistant.tsx", "TypeScript JSX", 0, 0, 0, 0, 0, 0, 0, 0, 0, 0, 0, 264, 0, 0, 0, 0, 13, 23, 300
"c:\Users\omnora\OneDrive\Desktop\new_system\omnora-prime-v13\src\components\settings\SettingsBackButton.tsx", "TypeScript JSX", 0, 0, 0, 0, 0, 0, 0, 0, 0, 0, 0, 24, 0, 0, 0, 0, 0, 4, 28
"c:\Users\omnora\OneDrive\Desktop\new_system\omnora-prime-v13\src\components\shell\AppShell.tsx", "TypeScript JSX", 0, 0, 0, 0, 0, 0, 0, 0, 0, 0, 0, 388, 0, 0, 0, 0, 12, 51, 451
"c:\Users\omnora\OneDrive\Desktop\new_system\omnora-prime-v13\src\components\shell\AutoStartRecoveryBanner.tsx", "TypeScript JSX", 0, 0, 0, 0, 0, 0, 0, 0, 0, 0, 0, 53, 0, 0, 0, 0, 1, 8, 62
"c:\Users\omnora\OneDrive\Desktop\new_system\omnora-prime-v13\src\components\shell\CloudSyncIndicator.tsx", "TypeScript JSX", 0, 0, 0, 0, 0, 0, 0, 0, 0, 0, 0, 28, 0, 0, 0, 0, 3, 7, 38
"c:\Users\omnora\OneDrive\Desktop\new_system\omnora-prime-v13\src\components\shell\CommandPalette.tsx", "TypeScript JSX", 0, 0, 0, 0, 0, 0, 0, 0, 0, 0, 0, 330, 0, 0, 0, 0, 7, 18, 355
"c:\Users\omnora\OneDrive\Desktop\new_system\omnora-prime-v13\src\components\shell\Footer.tsx", "TypeScript JSX", 0, 0, 0, 0, 0, 0, 0, 0, 0, 0, 0, 36, 0, 0, 0, 0, 0, 3, 39
"c:\Users\omnora\OneDrive\Desktop\new_system\omnora-prime-v13\src\components\shell\GlobalSearch.tsx", "TypeScript JSX", 0, 0, 0, 0, 0, 0, 0, 0, 0, 0, 0, 337, 0, 0, 0, 0, 0, 27, 364
"c:\Users\omnora\OneDrive\Desktop\new_system\omnora-prime-v13\src\components\shell\GlobalTopBar.tsx", "TypeScript JSX", 0, 0, 0, 0, 0, 0, 0, 0, 0, 0, 0, 497, 0, 0, 0, 0, 15, 49, 561
"c:\Users\omnora\OneDrive\Desktop\new_system\omnora-prime-v13\src\components\shell\IndustrialSidebar.tsx", "TypeScript JSX", 0, 0, 0, 0, 0, 0, 0, 0, 0, 0, 0, 636, 0, 0, 0, 0, 27, 50, 713
"c:\Users\omnora\OneDrive\Desktop\new_system\omnora-prime-v13\src\components\shell\IntroAnimation.tsx", "TypeScript JSX", 0, 0, 0, 0, 0, 0, 0, 0, 0, 0, 0, 120, 0, 0, 0, 0, 4, 8, 132
"c:\Users\omnora\OneDrive\Desktop\new_system\omnora-prime-v13\src\components\shell\KeyboardShortcuts.tsx", "TypeScript JSX", 0, 0, 0, 0, 0, 0, 0, 0, 0, 0, 0, 165, 0, 0, 0, 0, 3, 15, 183
"c:\Users\omnora\OneDrive\Desktop\new_system\omnora-prime-v13\src\components\shell\LanguageSwitcher.tsx", "TypeScript JSX", 0, 0, 0, 0, 0, 0, 0, 0, 0, 0, 0, 125, 0, 0, 0, 0, 0, 10, 135
"c:\Users\omnora\OneDrive\Desktop\new_system\omnora-prime-v13\src\components\shell\MobileSyncListener.tsx", "TypeScript JSX", 0, 0, 0, 0, 0, 0, 0, 0, 0, 0, 0, 29, 0, 0, 0, 0, 1, 7, 37
"c:\Users\omnora\OneDrive\Desktop\new_system\omnora-prime-v13\src\components\shell\NotificationBell.tsx", "TypeScript JSX", 0, 0, 0, 0, 0, 0, 0, 0, 0, 0, 0, 166, 0, 0, 0, 0, 3, 11, 180
"c:\Users\omnora\OneDrive\Desktop\new_system\omnora-prime-v13\src\components\shell\NotificationCenter.tsx", "TypeScript JSX", 0, 0, 0, 0, 0, 0, 0, 0, 0, 0, 0, 253, 0, 0, 0, 0, 13, 27, 293
"c:\Users\omnora\OneDrive\Desktop\new_system\omnora-prime-v13\src\components\shell\OfflineIndicator.tsx", "TypeScript JSX", 0, 0, 0, 0, 0, 0, 0, 0, 0, 0, 0, 54, 0, 0, 0, 0, 0, 9, 63
"c:\Users\omnora\OneDrive\Desktop\new_system\omnora-prime-v13\src\components\shell\OnboardingChecklist.tsx", "TypeScript JSX", 0, 0, 0, 0, 0, 0, 0, 0, 0, 0, 0, 105, 0, 0, 0, 0, 3, 17, 125
"c:\Users\omnora\OneDrive\Desktop\new_system\omnora-prime-v13\src\components\shell\PageTransition.tsx", "TypeScript JSX", 0, 0, 0, 0, 0, 0, 0, 0, 0, 0, 0, 23, 0, 0, 0, 0, 0, 4, 27
"c:\Users\omnora\OneDrive\Desktop\new_system\omnora-prime-v13\src\components\shell\PublicNavbar.tsx", "TypeScript JSX", 0, 0, 0, 0, 0, 0, 0, 0, 0, 0, 0, 5, 0, 0, 0, 0, 0, 2, 7
"c:\Users\omnora\OneDrive\Desktop\new_system\omnora-prime-v13\src\components\shell\QuickActions.tsx", "TypeScript JSX", 0, 0, 0, 0, 0, 0, 0, 0, 0, 0, 0, 810, 0, 0, 0, 0, 7, 87, 904
"c:\Users\omnora\OneDrive\Desktop\new_system\omnora-prime-v13\src\components\shell\ReleaseNotesModal.tsx", "TypeScript JSX", 0, 0, 0, 0, 0, 0, 0, 0, 0, 0, 0, 218, 0, 0, 0, 0, 8, 17, 243
"c:\Users\omnora\OneDrive\Desktop\new_system\omnora-prime-v13\src\components\shell\ShortcutHelp.tsx", "TypeScript JSX", 0, 0, 0, 0, 0, 0, 0, 0, 0, 0, 0, 64, 0, 0, 0, 0, 0, 6, 70
"c:\Users\omnora\OneDrive\Desktop\new_system\omnora-prime-v13\src\components\shell\SyncIndicator.tsx", "TypeScript JSX", 0, 0, 0, 0, 0, 0, 0, 0, 0, 0, 0, 121, 0, 0, 0, 0, 0, 14, 135
"c:\Users\omnora\OneDrive\Desktop\new_system\omnora-prime-v13\src\components\shell\ThemePicker.tsx", "TypeScript JSX", 0, 0, 0, 0, 0, 0, 0, 0, 0, 0, 0, 285, 0, 0, 0, 0, 20, 26, 331
"c:\Users\omnora\OneDrive\Desktop\new_system\omnora-prime-v13\src\components\shell\TitleBar.tsx", "TypeScript JSX", 0, 0, 0, 0, 0, 0, 0, 0, 0, 0, 0, 87, 0, 0, 0, 0, 4, 16, 107
"c:\Users\omnora\OneDrive\Desktop\new_system\omnora-prime-v13\src\components\shell\UpdateBanner.tsx", "TypeScript JSX", 0, 0, 0, 0, 0, 0, 0, 0, 0, 0, 0, 77, 0, 0, 0, 0, 2, 12, 91
"c:\Users\omnora\OneDrive\Desktop\new_system\omnora-prime-v13\src\components\shell\UpdateNotification.tsx", "TypeScript JSX", 0, 0, 0, 0, 0, 0, 0, 0, 0, 0, 0, 110, 0, 0, 0, 0, 0, 19, 129
"c:\Users\omnora\OneDrive\Desktop\new_system\omnora-prime-v13\src\components\stock\StockTable.tsx", "TypeScript JSX", 0, 0, 0, 0, 0, 0, 0, 0, 0, 0, 0, 78, 0, 0, 0, 0, 0, 14, 92
"c:\Users\omnora\OneDrive\Desktop\new_system\omnora-prime-v13\src\components\stock\TransferModal.tsx", "TypeScript JSX", 0, 0, 0, 0, 0, 0, 0, 0, 0, 0, 0, 154, 0, 0, 0, 0, 3, 21, 178
"c:\Users\omnora\OneDrive\Desktop\new_system\omnora-prime-v13\src\components\tables\VirtualLedgerTable.tsx", "TypeScript JSX", 0, 0, 0, 0, 0, 0, 0, 0, 0, 0, 0, 315, 0, 0, 0, 0, 13, 32, 360
"c:\Users\omnora\OneDrive\Desktop\new_system\omnora-prime-v13\src\components\trial\TrialCountdownBanner.tsx", "TypeScript JSX", 0, 0, 0, 0, 0, 0, 0, 0, 0, 0, 0, 202, 0, 0, 0, 0, 7, 21, 230
"c:\Users\omnora\OneDrive\Desktop\new_system\omnora-prime-v13\src\components\ui\ActionTrail.tsx", "TypeScript JSX", 0, 0, 0, 0, 0, 0, 0, 0, 0, 0, 0, 173, 0, 0, 0, 0, 1, 12, 186
"c:\Users\omnora\OneDrive\Desktop\new_system\omnora-prime-v13\src\components\ui\AmountDisplay.tsx", "TypeScript JSX", 0, 0, 0, 0, 0, 0, 0, 0, 0, 0, 0, 34, 0, 0, 0, 0, 0, 3, 37
"c:\Users\omnora\OneDrive\Desktop\new_system\omnora-prime-v13\src\components\ui\AnimatedComponents.tsx", "TypeScript JSX", 0, 0, 0, 0, 0, 0, 0, 0, 0, 0, 0, 1060, 0, 0, 0, 0, 61, 169, 1290
"c:\Users\omnora\OneDrive\Desktop\new_system\omnora-prime-v13\src\components\ui\AnimatedNumber.tsx", "TypeScript JSX", 0, 0, 0, 0, 0, 0, 0, 0, 0, 0, 0, 42, 0, 0, 0, 0, 0, 7, 49
"c:\Users\omnora\OneDrive\Desktop\new_system\omnora-prime-v13\src\components\ui\AuditErrorModal.tsx", "TypeScript JSX", 0, 0, 0, 0, 0, 0, 0, 0, 0, 0, 0, 78, 0, 0, 0, 0, 3, 13, 94
"c:\Users\omnora\OneDrive\Desktop\new_system\omnora-prime-v13\src\components\ui\CardSkeleton.tsx", "TypeScript JSX", 0, 0, 0, 0, 0, 0, 0, 0, 0, 0, 0, 11, 0, 0, 0, 0, 0, 2, 13
"c:\Users\omnora\OneDrive\Desktop\new_system\omnora-prime-v13\src\components\ui\ComingSoonPage.tsx", "TypeScript JSX", 0, 0, 0, 0, 0, 0, 0, 0, 0, 0, 0, 46, 0, 0, 0, 0, 0, 8, 54
"c:\Users\omnora\OneDrive\Desktop\new_system\omnora-prime-v13\src\components\ui\DataFreshness.tsx", "TypeScript JSX", 0, 0, 0, 0, 0, 0, 0, 0, 0, 0, 0, 54, 0, 0, 0, 0, 0, 8, 62
"c:\Users\omnora\OneDrive\Desktop\new_system\omnora-prime-v13\src\components\ui\EmptyState.tsx", "TypeScript JSX", 0, 0, 0, 0, 0, 0, 0, 0, 0, 0, 0, 82, 0, 0, 0, 0, 1, 9, 92
"c:\Users\omnora\OneDrive\Desktop\new_system\omnora-prime-v13\src\components\ui\ErrorBoundary.tsx", "TypeScript JSX", 0, 0, 0, 0, 0, 0, 0, 0, 0, 0, 0, 86, 0, 0, 0, 0, 0, 13, 99
"c:\Users\omnora\OneDrive\Desktop\new_system\omnora-prime-v13\src\components\ui\ErrorState.tsx", "TypeScript JSX", 0, 0, 0, 0, 0, 0, 0, 0, 0, 0, 0, 32, 0, 0, 0, 0, 0, 2, 34
"c:\Users\omnora\OneDrive\Desktop\new_system\omnora-prime-v13\src\components\ui\FeatureGate.tsx", "TypeScript JSX", 0, 0, 0, 0, 0, 0, 0, 0, 0, 0, 0, 107, 0, 0, 0, 0, 2, 18, 127
"c:\Users\omnora\OneDrive\Desktop\new_system\omnora-prime-v13\src\components\ui\FeatureLock.tsx", "TypeScript JSX", 0, 0, 0, 0, 0, 0, 0, 0, 0, 0, 0, 64, 0, 0, 0, 0, 2, 13, 79
"c:\Users\omnora\OneDrive\Desktop\new_system\omnora-prime-v13\src\components\ui\FeedbackModal.tsx", "TypeScript JSX", 0, 0, 0, 0, 0, 0, 0, 0, 0, 0, 0, 514, 0, 0, 0, 0, 19, 40, 573
"c:\Users\omnora\OneDrive\Desktop\new_system\omnora-prime-v13\src\components\ui\FinancialAmount.tsx", "TypeScript JSX", 0, 0, 0, 0, 0, 0, 0, 0, 0, 0, 0, 56, 0, 0, 0, 0, 0, 10, 66
"c:\Users\omnora\OneDrive\Desktop\new_system\omnora-prime-v13\src\components\ui\GlobalErrorBoundary.tsx", "TypeScript JSX", 0, 0, 0, 0, 0, 0, 0, 0, 0, 0, 0, 66, 0, 0, 0, 0, 0, 12, 78
"c:\Users\omnora\OneDrive\Desktop\new_system\omnora-prime-v13\src\components\ui\IndustrialEmptyState.tsx", "TypeScript JSX", 0, 0, 0, 0, 0, 0, 0, 0, 0, 0, 0, 82, 0, 0, 0, 0, 2, 11, 95
"c:\Users\omnora\OneDrive\Desktop\new_system\omnora-prime-v13\src\components\ui\InvoiceSelector.tsx", "TypeScript JSX", 0, 0, 0, 0, 0, 0, 0, 0, 0, 0, 0, 53, 0, 0, 0, 0, 0, 7, 60
"c:\Users\omnora\OneDrive\Desktop\new_system\omnora-prime-v13\src\components\ui\NoxisLogoLoader.tsx", "TypeScript JSX", 0, 0, 0, 0, 0, 0, 0, 0, 0, 0, 0, 105, 0, 0, 0, 0, 6, 8, 119
"c:\Users\omnora\OneDrive\Desktop\new_system\omnora-prime-v13\src\components\ui\PageTransition.tsx", "TypeScript JSX", 0, 0, 0, 0, 0, 0, 0, 0, 0, 0, 0, 11, 0, 0, 0, 0, 0, 2, 13
"c:\Users\omnora\OneDrive\Desktop\new_system\omnora-prime-v13\src\components\ui\Skeleton.tsx", "TypeScript JSX", 0, 0, 0, 0, 0, 0, 0, 0, 0, 0, 0, 156, 0, 0, 0, 0, 7, 11, 174
"c:\Users\omnora\OneDrive\Desktop\new_system\omnora-prime-v13\src\components\ui\StateViews.tsx", "TypeScript JSX", 0, 0, 0, 0, 0, 0, 0, 0, 0, 0, 0, 118, 0, 0, 0, 0, 4, 5, 127
"c:\Users\omnora\OneDrive\Desktop\new_system\omnora-prime-v13\src\components\ui\StatusChip.tsx", "TypeScript JSX", 0, 0, 0, 0, 0, 0, 0, 0, 0, 0, 0, 52, 0, 0, 0, 0, 5, 5, 62
"c:\Users\omnora\OneDrive\Desktop\new_system\omnora-prime-v13\src\components\ui\SummaryCard.tsx", "TypeScript JSX", 0, 0, 0, 0, 0, 0, 0, 0, 0, 0, 0, 51, 0, 0, 0, 0, 4, 8, 63
"c:\Users\omnora\OneDrive\Desktop\new_system\omnora-prime-v13\src\components\ui\TableSkeleton.tsx", "TypeScript JSX", 0, 0, 0, 0, 0, 0, 0, 0, 0, 0, 0, 20, 0, 0, 0, 0, 0, 2, 22
"c:\Users\omnora\OneDrive\Desktop\new_system\omnora-prime-v13\src\components\ui\TierBadge.tsx", "TypeScript JSX", 0, 0, 0, 0, 0, 0, 0, 0, 0, 0, 0, 41, 0, 0, 0, 0, 0, 7, 48
"c:\Users\omnora\OneDrive\Desktop\new_system\omnora-prime-v13\src\components\ui\Toast.tsx", "TypeScript JSX", 0, 0, 0, 0, 0, 0, 0, 0, 0, 0, 0, 80, 0, 0, 0, 0, 0, 8, 88
"c:\Users\omnora\OneDrive\Desktop\new_system\omnora-prime-v13\src\content\blog\cctv-factory-monitoring.md", "Markdown", 59, 0, 0, 0, 0, 0, 0, 0, 0, 0, 0, 0, 0, 0, 0, 0, 0, 28, 87
"c:\Users\omnora\OneDrive\Desktop\new_system\omnora-prime-v13\src\content\blog\karigar-payroll.md", "Markdown", 147, 0, 0, 0, 0, 0, 0, 0, 0, 0, 0, 0, 0, 0, 0, 0, 0, 84, 231
"c:\Users\omnora\OneDrive\Desktop\new_system\omnora-prime-v13\src\content\blog\modern-b2b-telemetry-fintech.md", "Markdown", 33, 0, 0, 0, 0, 0, 0, 0, 0, 0, 0, 0, 0, 0, 0, 0, 0, 27, 60
"c:\Users\omnora\OneDrive\Desktop\new_system\omnora-prime-v13\src\content\blog\offline-erp-pakistan.md", "Markdown", 131, 0, 0, 0, 0, 0, 0, 0, 0, 0, 0, 0, 0, 0, 0, 0, 0, 73, 204
"c:\Users\omnora\OneDrive\Desktop\new_system\omnora-prime-v13\src\content\blog\peshgi-software.md", "Markdown", 120, 0, 0, 0, 0, 0, 0, 0, 0, 0, 0, 0, 0, 0, 0, 0, 0, 75, 195
"c:\Users\omnora\OneDrive\Desktop\new_system\omnora-prime-v13\src\content\blog\rice-mill-software.md", "Markdown", 151, 0, 0, 0, 0, 0, 0, 0, 0, 0, 0, 0, 0, 0, 0, 0, 0, 69, 220
"c:\Users\omnora\OneDrive\Desktop\new_system\omnora-prime-v13\src\content\blog\textile-erp-pakistan.md", "Markdown", 53, 0, 0, 0, 0, 0, 0, 0, 0, 0, 0, 0, 0, 0, 0, 0, 0, 24, 77
"c:\Users\omnora\OneDrive\Desktop\new_system\omnora-prime-v13\src\db\pragmas.ts", "TypeScript", 0, 0, 0, 14, 0, 0, 0, 0, 0, 0, 0, 0, 0, 0, 0, 0, 10, 9, 33
"c:\Users\omnora\OneDrive\Desktop\new_system\omnora-prime-v13\src\drizzle-shims.d.ts", "TypeScript", 0, 0, 0, 37, 0, 0, 0, 0, 0, 0, 0, 0, 0, 0, 0, 0, 0, 3, 40
"c:\Users\omnora\OneDrive\Desktop\new_system\omnora-prime-v13\src\hooks\useActionGuard.ts", "TypeScript", 0, 0, 0, 17, 0, 0, 0, 0, 0, 0, 0, 0, 0, 0, 0, 0, 1, 4, 22
"c:\Users\omnora\OneDrive\Desktop\new_system\omnora-prime-v13\src\hooks\useAppLock.ts", "TypeScript", 0, 0, 0, 84, 0, 0, 0, 0, 0, 0, 0, 0, 0, 0, 0, 0, 2, 19, 105
"c:\Users\omnora\OneDrive\Desktop\new_system\omnora-prime-v13\src\hooks\useBarcodeScan.ts", "TypeScript", 0, 0, 0, 40, 0, 0, 0, 0, 0, 0, 0, 0, 0, 0, 0, 0, 4, 10, 54
"c:\Users\omnora\OneDrive\Desktop\new_system\omnora-prime-v13\src\hooks\useBusinessProfile.ts", "TypeScript", 0, 0, 0, 241, 0, 0, 0, 0, 0, 0, 0, 0, 0, 0, 0, 0, 11, 21, 273
"c:\Users\omnora\OneDrive\Desktop\new_system\omnora-prime-v13\src\hooks\useColdChainQueries.ts", "TypeScript", 0, 0, 0, 33, 0, 0, 0, 0, 0, 0, 0, 0, 0, 0, 0, 0, 1, 7, 41
"c:\Users\omnora\OneDrive\Desktop\new_system\omnora-prime-v13\src\hooks\useComplianceQueries.ts", "TypeScript", 0, 0, 0, 63, 0, 0, 0, 0, 0, 0, 0, 0, 0, 0, 0, 0, 1, 14, 78
"c:\Users\omnora\OneDrive\Desktop\new_system\omnora-prime-v13\src\hooks\useConversionTrigger.ts", "TypeScript", 0, 0, 0, 105, 0, 0, 0, 0, 0, 0, 0, 0, 0, 0, 0, 0, 6, 16, 127
"c:\Users\omnora\OneDrive\Desktop\new_system\omnora-prime-v13\src\hooks\useCurrentUser.ts", "TypeScript", 0, 0, 0, 28, 0, 0, 0, 0, 0, 0, 0, 0, 0, 0, 0, 0, 0, 5, 33
"c:\Users\omnora\OneDrive\Desktop\new_system\omnora-prime-v13\src\hooks\useDebounce.ts", "TypeScript", 0, 0, 0, 15, 0, 0, 0, 0, 0, 0, 0, 0, 0, 0, 0, 0, 0, 4, 19
"c:\Users\omnora\OneDrive\Desktop\new_system\omnora-prime-v13\src\hooks\useFloorVoice.ts", "TypeScript", 0, 0, 0, 77, 0, 0, 0, 0, 0, 0, 0, 0, 0, 0, 0, 0, 10, 21, 108
"c:\Users\omnora\OneDrive\Desktop\new_system\omnora-prime-v13\src\hooks\useFormDraft.ts", "TypeScript", 0, 0, 0, 51, 0, 0, 0, 0, 0, 0, 0, 0, 0, 0, 0, 0, 1, 11, 63
"c:\Users\omnora\OneDrive\Desktop\new_system\omnora-prime-v13\src\hooks\useGlobalKeyboardShortcuts.ts", "TypeScript", 0, 0, 0, 64, 0, 0, 0, 0, 0, 0, 0, 0, 0, 0, 0, 0, 4, 7, 75
"c:\Users\omnora\OneDrive\Desktop\new_system\omnora-prime-v13\src\hooks\useIndustryConfig.ts", "TypeScript", 0, 0, 0, 162, 0, 0, 0, 0, 0, 0, 0, 0, 0, 0, 0, 0, 5, 18, 185
"c:\Users\omnora\OneDrive\Desktop\new_system\omnora-prime-v13\src\hooks\useKhata.ts", "TypeScript", 0, 0, 0, 69, 0, 0, 0, 0, 0, 0, 0, 0, 0, 0, 0, 0, 4, 9, 82
"c:\Users\omnora\OneDrive\Desktop\new_system\omnora-prime-v13\src\hooks\useKitchenQueries.ts", "TypeScript", 0, 0, 0, 49, 0, 0, 0, 0, 0, 0, 0, 0, 0, 0, 0, 0, 0, 11, 60
"c:\Users\omnora\OneDrive\Desktop\new_system\omnora-prime-v13\src\hooks\useLicense.ts", "TypeScript", 0, 0, 0, 6, 0, 0, 0, 0, 0, 0, 0, 0, 0, 0, 0, 0, 0, 4, 10
"c:\Users\omnora\OneDrive\Desktop\new_system\omnora-prime-v13\src\hooks\useLicenseValidation.ts", "TypeScript", 0, 0, 0, 169, 0, 0, 0, 0, 0, 0, 0, 0, 0, 0, 0, 0, 14, 21, 204
"c:\Users\omnora\OneDrive\Desktop\new_system\omnora-prime-v13\src\hooks\useLocale.ts", "TypeScript", 0, 0, 0, 63, 0, 0, 0, 0, 0, 0, 0, 0, 0, 0, 0, 0, 10, 10, 83
"c:\Users\omnora\OneDrive\Desktop\new_system\omnora-prime-v13\src\hooks\useLogisticsQueries.ts", "TypeScript", 0, 0, 0, 52, 0, 0, 0, 0, 0, 0, 0, 0, 0, 0, 0, 0, 0, 11, 63
"c:\Users\omnora\OneDrive\Desktop\new_system\omnora-prime-v13\src\hooks\useMedicalQueries.ts", "TypeScript", 0, 0, 0, 61, 0, 0, 0, 0, 0, 0, 0, 0, 0, 0, 0, 0, 1, 12, 74
"c:\Users\omnora\OneDrive\Desktop\new_system\omnora-prime-v13\src\hooks\useMobileSyncToast.ts", "TypeScript", 0, 0, 0, 111, 0, 0, 0, 0, 0, 0, 0, 0, 0, 0, 0, 0, 2, 20, 133
"c:\Users\omnora\OneDrive\Desktop\new_system\omnora-prime-v13\src\hooks\useOnClickOutside.ts", "TypeScript", 0, 0, 0, 20, 0, 0, 0, 0, 0, 0, 0, 0, 0, 0, 0, 0, 0, 5, 25
"c:\Users\omnora\OneDrive\Desktop\new_system\omnora-prime-v13\src\hooks\useOptimisticMutation.ts", "TypeScript", 0, 0, 0, 49, 0, 0, 0, 0, 0, 0, 0, 0, 0, 0, 0, 0, 6, 8, 63
"c:\Users\omnora\OneDrive\Desktop\new_system\omnora-prime-v13\src\hooks\usePermissions.ts", "TypeScript", 0, 0, 0, 28, 0, 0, 0, 0, 0, 0, 0, 0, 0, 0, 0, 0, 0, 5, 33
"c:\Users\omnora\OneDrive\Desktop\new_system\omnora-prime-v13\src\hooks\usePersona.ts", "TypeScript", 0, 0, 0, 83, 0, 0, 0, 0, 0, 0, 0, 0, 0, 0, 0, 0, 3, 11, 97
"c:\Users\omnora\OneDrive\Desktop\new_system\omnora-prime-v13\src\hooks\usePurchaseQueries.ts", "TypeScript", 0, 0, 0, 175, 0, 0, 0, 0, 0, 0, 0, 0, 0, 0, 0, 0, 3, 26, 204
"c:\Users\omnora\OneDrive\Desktop\new_system\omnora-prime-v13\src\hooks\useReportExport.ts", "TypeScript", 0, 0, 0, 128, 0, 0, 0, 0, 0, 0, 0, 0, 0, 0, 0, 0, 4, 15, 147
"c:\Users\omnora\OneDrive\Desktop\new_system\omnora-prime-v13\src\hooks\useResilientRouter.ts", "TypeScript", 0, 0, 0, 82, 0, 0, 0, 0, 0, 0, 0, 0, 0, 0, 0, 0, 1, 12, 95
"c:\Users\omnora\OneDrive\Desktop\new_system\omnora-prime-v13\src\hooks\useRouteTracking.ts", "TypeScript", 0, 0, 0, 22, 0, 0, 0, 0, 0, 0, 0, 0, 0, 0, 0, 0, 1, 5, 28
"c:\Users\omnora\OneDrive\Desktop\new_system\omnora-prime-v13\src\hooks\useRowHighlight.ts", "TypeScript", 0, 0, 0, 22, 0, 0, 0, 0, 0, 0, 0, 0, 0, 0, 0, 0, 0, 6, 28
"c:\Users\omnora\OneDrive\Desktop\new_system\omnora-prime-v13\src\hooks\useSentinelAI.ts", "TypeScript", 0, 0, 0, 59, 0, 0, 0, 0, 0, 0, 0, 0, 0, 0, 0, 0, 3, 11, 73
"c:\Users\omnora\OneDrive\Desktop\new_system\omnora-prime-v13\src\hooks\useSentinelVoice.ts", "TypeScript", 0, 0, 0, 51, 0, 0, 0, 0, 0, 0, 0, 0, 0, 0, 0, 0, 0, 12, 63
"c:\Users\omnora\OneDrive\Desktop\new_system\omnora-prime-v13\src\hooks\useSessionActions.ts", "TypeScript", 0, 0, 0, 47, 0, 0, 0, 0, 0, 0, 0, 0, 0, 0, 0, 0, 0, 4, 51
"c:\Users\omnora\OneDrive\Desktop\new_system\omnora-prime-v13\src\hooks\useSidebarState.ts", "TypeScript", 0, 0, 0, 35, 0, 0, 0, 0, 0, 0, 0, 0, 0, 0, 0, 0, 2, 9, 46
"c:\Users\omnora\OneDrive\Desktop\new_system\omnora-prime-v13\src\hooks\useStaff.ts", "TypeScript", 0, 0, 0, 54, 0, 0, 0, 0, 0, 0, 0, 0, 0, 0, 0, 0, 2, 11, 67
"c:\Users\omnora\OneDrive\Desktop\new_system\omnora-prime-v13\src\hooks\useStockQuery.ts", "TypeScript", 0, 0, 0, 47, 0, 0, 0, 0, 0, 0, 0, 0, 0, 0, 0, 0, 2, 10, 59
"c:\Users\omnora\OneDrive\Desktop\new_system\omnora-prime-v13\src\hooks\useTableSort.tsx", "TypeScript JSX", 0, 0, 0, 0, 0, 0, 0, 0, 0, 0, 0, 61, 0, 0, 0, 0, 0, 7, 68
"c:\Users\omnora\OneDrive\Desktop\new_system\omnora-prime-v13\src\hooks\useToast.ts", "TypeScript", 0, 0, 0, 76, 0, 0, 0, 0, 0, 0, 0, 0, 0, 0, 0, 0, 1, 13, 90
"c:\Users\omnora\OneDrive\Desktop\new_system\omnora-prime-v13\src\hooks\useTranslation.ts", "TypeScript", 0, 0, 0, 15, 0, 0, 0, 0, 0, 0, 0, 0, 0, 0, 0, 0, 0, 6, 21
"c:\Users\omnora\OneDrive\Desktop\new_system\omnora-prime-v13\src\i18n.ts", "TypeScript", 0, 0, 0, 13, 0, 0, 0, 0, 0, 0, 0, 0, 0, 0, 0, 0, 0, 4, 17
"c:\Users\omnora\OneDrive\Desktop\new_system\omnora-prime-v13\src\instrumentation.ts", "TypeScript", 0, 0, 0, 33, 0, 0, 0, 0, 0, 0, 0, 0, 0, 0, 0, 0, 1, 2, 36
"c:\Users\omnora\OneDrive\Desktop\new_system\omnora-prime-v13\src\lib\accounting\generateInvoice.ts", "TypeScript", 0, 0, 0, 227, 0, 0, 0, 0, 0, 0, 0, 0, 0, 0, 0, 0, 24, 37, 288
"c:\Users\omnora\OneDrive\Desktop\new_system\omnora-prime-v13\src\lib\accounting\seedAccounts.ts", "TypeScript", 0, 0, 0, 53, 0, 0, 0, 0, 0, 0, 0, 0, 0, 0, 0, 0, 7, 14, 74
"c:\Users\omnora\OneDrive\Desktop\new_system\omnora-prime-v13\src\lib\actions\clientPortal.ts", "TypeScript", 0, 0, 0, 272, 0, 0, 0, 0, 0, 0, 0, 0, 0, 0, 0, 0, 38, 58, 368
"c:\Users\omnora\OneDrive\Desktop\new_system\omnora-prime-v13\src\lib\actions\interBranchTransfer.ts", "TypeScript", 0, 0, 0, 57, 0, 0, 0, 0, 0, 0, 0, 0, 0, 0, 0, 0, 0, 16, 73
"c:\Users\omnora\OneDrive\Desktop\new_system\omnora-prime-v13\src\lib\admin\auth.ts", "TypeScript", 0, 0, 0, 63, 0, 0, 0, 0, 0, 0, 0, 0, 0, 0, 0, 0, 0, 13, 76
"c:\Users\omnora\OneDrive\Desktop\new_system\omnora-prime-v13\src\lib\animations.ts", "TypeScript", 0, 0, 0, 181, 0, 0, 0, 0, 0, 0, 0, 0, 0, 0, 0, 0, 11, 38, 230
"c:\Users\omnora\OneDrive\Desktop\new_system\omnora-prime-v13\src\lib\api\exchangeRates.ts", "TypeScript", 0, 0, 0, 15, 0, 0, 0, 0, 0, 0, 0, 0, 0, 0, 0, 0, 1, 1, 17
"c:\Users\omnora\OneDrive\Desktop\new_system\omnora-prime-v13\src\lib\audit\logAction.ts", "TypeScript", 0, 0, 0, 117, 0, 0, 0, 0, 0, 0, 0, 0, 0, 0, 0, 0, 2, 7, 126
"c:\Users\omnora\OneDrive\Desktop\new_system\omnora-prime-v13\src\lib\auth\permissions.ts", "TypeScript", 0, 0, 0, 121, 0, 0, 0, 0, 0, 0, 0, 0, 0, 0, 0, 0, 3, 10, 134
"c:\Users\omnora\OneDrive\Desktop\new_system\omnora-prime-v13\src\lib\auth\pinGuard.ts", "TypeScript", 0, 0, 0, 36, 0, 0, 0, 0, 0, 0, 0, 0, 0, 0, 0, 0, 4, 10, 50
"c:\Users\omnora\OneDrive\Desktop\new_system\omnora-prime-v13\src\lib\auth\portal.ts", "TypeScript", 0, 0, 0, 13, 0, 0, 0, 0, 0, 0, 0, 0, 0, 0, 0, 0, 1, 5, 19
"c:\Users\omnora\OneDrive\Desktop\new_system\omnora-prime-v13\src\lib\auth\verifyTier.ts", "TypeScript", 0, 0, 0, 37, 0, 0, 0, 0, 0, 0, 0, 0, 0, 0, 0, 0, 4, 12, 53
"c:\Users\omnora\OneDrive\Desktop\new_system\omnora-prime-v13\src\lib\barcode\barcodeEngine.ts", "TypeScript", 0, 0, 0, 198, 0, 0, 0, 0, 0, 0, 0, 0, 0, 0, 0, 0, 7, 19, 224
"c:\Users\omnora\OneDrive\Desktop\new_system\omnora-prime-v13\src\lib\blog-utils.ts", "TypeScript", 0, 0, 0, 73, 0, 0, 0, 0, 0, 0, 0, 0, 0, 0, 0, 0, 2, 10, 85
"c:\Users\omnora\OneDrive\Desktop\new_system\omnora-prime-v13\src\lib\constants\currencies.ts", "TypeScript", 0, 0, 0, 12, 0, 0, 0, 0, 0, 0, 0, 0, 0, 0, 0, 0, 0, 2, 14
"c:\Users\omnora\OneDrive\Desktop\new_system\omnora-prime-v13\src\lib\constants\industries.ts", "TypeScript", 0, 0, 0, 122, 0, 0, 0, 0, 0, 0, 0, 0, 0, 0, 0, 0, 0, 3, 125
"c:\Users\omnora\OneDrive\Desktop\new_system\omnora-prime-v13\src\lib\converters\pdfOcr.ts", "TypeScript", 0, 0, 0, 39, 0, 0, 0, 0, 0, 0, 0, 0, 0, 0, 0, 0, 0, 9, 48
"c:\Users\omnora\OneDrive\Desktop\new_system\omnora-prime-v13\src\lib\converters\pdfToExcel.ts", "TypeScript", 0, 0, 0, 86, 0, 0, 0, 0, 0, 0, 0, 0, 0, 0, 0, 0, 2, 24, 112
"c:\Users\omnora\OneDrive\Desktop\new_system\omnora-prime-v13\src\lib\converters\pdfToImage.ts", "TypeScript", 0, 0, 0, 104, 0, 0, 0, 0, 0, 0, 0, 0, 0, 0, 0, 0, 1, 21, 126
"c:\Users\omnora\OneDrive\Desktop\new_system\omnora-prime-v13\src\lib\converters\pdfToWord.ts", "TypeScript", 0, 0, 0, 138, 0, 0, 0, 0, 0, 0, 0, 0, 0, 0, 0, 0, 4, 29, 171
"c:\Users\omnora\OneDrive\Desktop\new_system\omnora-prime-v13\src\lib\converters\pdfTools.ts", "TypeScript", 0, 0, 0, 103, 0, 0, 0, 0, 0, 0, 0, 0, 0, 0, 0, 0, 0, 16, 119
"c:\Users\omnora\OneDrive\Desktop\new_system\omnora-prime-v13\src\lib\credit\scoreParty.ts", "TypeScript", 0, 0, 0, 227, 0, 0, 0, 0, 0, 0, 0, 0, 0, 0, 0, 0, 9, 23, 259
"c:\Users\omnora\OneDrive\Desktop\new_system\omnora-prime-v13\src\lib\currency\currencyEngine.ts", "TypeScript", 0, 0, 0, 375, 0, 0, 0, 0, 0, 0, 0, 0, 0, 0, 0, 0, 5, 12, 392
"c:\Users\omnora\OneDrive\Desktop\new_system\omnora-prime-v13\src\lib\db\client.ts", "TypeScript", 0, 0, 0, 273, 0, 0, 0, 0, 0, 0, 0, 0, 0, 0, 0, 0, 20, 33, 326
"c:\Users\omnora\OneDrive\Desktop\new_system\omnora-prime-v13\src\lib\db\migrateToEncrypted.ts", "TypeScript", 0, 0, 0, 36, 0, 0, 0, 0, 0, 0, 0, 0, 0, 0, 0, 0, 9, 12, 57
"c:\Users\omnora\OneDrive\Desktop\new_system\omnora-prime-v13\src\lib\db\migrations\0000_demonic_silvermane.sql", "MS SQL", 0, 0, 0, 0, 0, 0, 0, 0, 0, 0, 0, 0, 89, 0, 0, 0, 8, 2, 99
"c:\Users\omnora\OneDrive\Desktop\new_system\omnora-prime-v13\src\lib\db\migrations\0001_add_missing_tables.sql", "MS SQL", 0, 0, 0, 0, 0, 0, 0, 0, 0, 0, 0, 0, 49, 0, 0, 0, 6, 2, 57
"c:\Users\omnora\OneDrive\Desktop\new_system\omnora-prime-v13\src\lib\db\migrations\0002_mobile_bridge_devices.sql", "MS SQL", 0, 0, 0, 0, 0, 0, 0, 0, 0, 0, 0, 0, 8, 0, 0, 0, 10, 2, 20
"c:\Users\omnora\OneDrive\Desktop\new_system\omnora-prime-v13\src\lib\db\migrations\0003_add_auto_parts_fields.sql", "MS SQL", 0, 0, 0, 0, 0, 0, 0, 0, 0, 0, 0, 0, 3, 0, 0, 0, 2, 1, 6
"c:\Users\omnora\OneDrive\Desktop\new_system\omnora-prime-v13\src\lib\db\migrations\meta\0000_snapshot.json", "JSON", 0, 0, 629, 0, 0, 0, 0, 0, 0, 0, 0, 0, 0, 0, 0, 0, 0, 2, 631
"c:\Users\omnora\OneDrive\Desktop\new_system\omnora-prime-v13\src\lib\db\migrations\meta\_journal.json", "JSON", 0, 0, 34, 0, 0, 0, 0, 0, 0, 0, 0, 0, 0, 0, 0, 0, 0, 2, 36
"c:\Users\omnora\OneDrive\Desktop\new_system\omnora-prime-v13\src\lib\db\pragmas.ts", "TypeScript", 0, 0, 0, 11, 0, 0, 0, 0, 0, 0, 0, 0, 0, 0, 0, 0, 9, 1, 21
"c:\Users\omnora\OneDrive\Desktop\new_system\omnora-prime-v13\src\lib\db\schema.ts", "TypeScript", 0, 0, 0, 222, 0, 0, 0, 0, 0, 0, 0, 0, 0, 0, 0, 0, 13, 21, 256
"c:\Users\omnora\OneDrive\Desktop\new_system\omnora-prime-v13\src\lib\dispatch\generateChallan.ts", "TypeScript", 0, 0, 0, 157, 0, 0, 0, 0, 0, 0, 0, 0, 0, 0, 0, 0, 7, 24, 188
"c:\Users\omnora\OneDrive\Desktop\new_system\omnora-prime-v13\src\lib\emptyStateMessages.ts", "TypeScript", 0, 0, 0, 58, 0, 0, 0, 0, 0, 0, 0, 0, 0, 0, 0, 0, 1, 7, 66
"c:\Users\omnora\OneDrive\Desktop\new_system\omnora-prime-v13\src\lib\env.ts", "TypeScript", 0, 0, 0, 54, 0, 0, 0, 0, 0, 0, 0, 0, 0, 0, 0, 0, 12, 16, 82
"c:\Users\omnora\OneDrive\Desktop\new_system\omnora-prime-v13\src\lib\filemorph\docEngine.ts", "TypeScript", 0, 0, 0, 147, 0, 0, 0, 0, 0, 0, 0, 0, 0, 0, 0, 0, 2, 26, 175
"c:\Users\omnora\OneDrive\Desktop\new_system\omnora-prime-v13\src\lib\filemorph\formatConverter.ts", "TypeScript", 0, 0, 0, 33, 0, 0, 0, 0, 0, 0, 0, 0, 0, 0, 0, 0, 0, 5, 38
"c:\Users\omnora\OneDrive\Desktop\new_system\omnora-prime-v13\src\lib\filemorph\heicConverter.ts", "TypeScript", 0, 0, 0, 25, 0, 0, 0, 0, 0, 0, 0, 0, 0, 0, 0, 0, 1, 5, 31
"c:\Users\omnora\OneDrive\Desktop\new_system\omnora-prime-v13\src\lib\filemorph\imageCompressor.ts", "TypeScript", 0, 0, 0, 64, 0, 0, 0, 0, 0, 0, 0, 0, 0, 0, 0, 0, 2, 9, 75
"c:\Users\omnora\OneDrive\Desktop\new_system\omnora-prime-v13\src\lib\filemorph\imageEngine.ts", "TypeScript", 0, 0, 0, 241, 0, 0, 0, 0, 0, 0, 0, 0, 0, 0, 0, 0, 2, 39, 282
"c:\Users\omnora\OneDrive\Desktop\new_system\omnora-prime-v13\src\lib\filemorph\pdfEngine.ts", "TypeScript", 0, 0, 0, 357, 0, 0, 0, 0, 0, 0, 0, 0, 0, 0, 0, 0, 4, 48, 409
"c:\Users\omnora\OneDrive\Desktop\new_system\omnora-prime-v13\src\lib\filemorph\pdfToImagesEngine.ts", "TypeScript", 0, 0, 0, 112, 0, 0, 0, 0, 0, 0, 0, 0, 0, 0, 0, 0, 5, 21, 138
"c:\Users\omnora\OneDrive\Desktop\new_system\omnora-prime-v13\src\lib\filemorph\pdfTools.ts", "TypeScript", 0, 0, 0, 92, 0, 0, 0, 0, 0, 0, 0, 0, 0, 0, 0, 0, 2, 16, 110
"c:\Users\omnora\OneDrive\Desktop\new_system\omnora-prime-v13\src\lib\finance\IndustrialMath.ts", "TypeScript", 0, 0, 0, 28, 0, 0, 0, 0, 0, 0, 0, 0, 0, 0, 0, 0, 3, 8, 39
"c:\Users\omnora\OneDrive\Desktop\new_system\omnora-prime-v13\src\lib\foresight\foresightEngine.ts", "TypeScript", 0, 0, 0, 60, 0, 0, 0, 0, 0, 0, 0, 0, 0, 0, 0, 0, 0, 9, 69
"c:\Users\omnora\OneDrive\Desktop\new_system\omnora-prime-v13\src\lib\foresight\patternEngine.ts", "TypeScript", 0, 0, 0, 350, 0, 0, 0, 0, 0, 0, 0, 0, 0, 0, 0, 0, 6, 51, 407
"c:\Users\omnora\OneDrive\Desktop\new_system\omnora-prime-v13\src\lib\foresight\predictionEngine.ts", "TypeScript", 0, 0, 0, 356, 0, 0, 0, 0, 0, 0, 0, 0, 0, 0, 0, 0, 14, 32, 402
"c:\Users\omnora\OneDrive\Desktop\new_system\omnora-prime-v13\src\lib\format\__tests__\amountInWords.test.ts", "TypeScript", 0, 0, 0, 23, 0, 0, 0, 0, 0, 0, 0, 0, 0, 0, 0, 0, 0, 2, 25
"c:\Users\omnora\OneDrive\Desktop\new_system\omnora-prime-v13\src\lib\format\amountInWords.ts", "TypeScript", 0, 0, 0, 164, 0, 0, 0, 0, 0, 0, 0, 0, 0, 0, 0, 0, 1, 25, 190
"c:\Users\omnora\OneDrive\Desktop\new_system\omnora-prime-v13\src\lib\format\numbers.ts", "TypeScript", 0, 0, 0, 38, 0, 0, 0, 0, 0, 0, 0, 0, 0, 0, 0, 0, 2, 8, 48
"c:\Users\omnora\OneDrive\Desktop\new_system\omnora-prime-v13\src\lib\i18n\currencies.ts", "TypeScript", 0, 0, 0, 196, 0, 0, 0, 0, 0, 0, 0, 0, 0, 0, 0, 0, 1, 10, 207
"c:\Users\omnora\OneDrive\Desktop\new_system\omnora-prime-v13\src\lib\i18n\en.ts", "TypeScript", 0, 0, 0, 60, 0, 0, 0, 0, 0, 0, 0, 0, 0, 0, 0, 0, 7, 7, 74
"c:\Users\omnora\OneDrive\Desktop\new_system\omnora-prime-v13\src\lib\i18n\index.ts", "TypeScript", 0, 0, 0, 205, 0, 0, 0, 0, 0, 0, 0, 0, 0, 0, 0, 0, 2, 16, 223
"c:\Users\omnora\OneDrive\Desktop\new_system\omnora-prime-v13\src\lib\i18n\translations.ts", "TypeScript", 0, 0, 0, 131, 0, 0, 0, 0, 0, 0, 0, 0, 0, 0, 0, 0, 10, 11, 152
"c:\Users\omnora\OneDrive\Desktop\new_system\omnora-prime-v13\src\lib\i18n\ur.ts", "TypeScript", 0, 0, 0, 60, 0, 0, 0, 0, 0, 0, 0, 0, 0, 0, 0, 0, 7, 7, 74
"c:\Users\omnora\OneDrive\Desktop\new_system\omnora-prime-v13\src\lib\import\columnMapper.ts", "TypeScript", 0, 0, 0, 183, 0, 0, 0, 0, 0, 0, 0, 0, 0, 0, 0, 0, 9, 22, 214
"c:\Users\omnora\OneDrive\Desktop\new_system\omnora-prime-v13\src\lib\industry\configs.ts", "TypeScript", 0, 0, 0, 496, 0, 0, 0, 0, 0, 0, 0, 0, 0, 0, 0, 0, 30, 17, 543
"c:\Users\omnora\OneDrive\Desktop\new_system\omnora-prime-v13\src\lib\industry\regionConfigs.ts", "TypeScript", 0, 0, 0, 96, 0, 0, 0, 0, 0, 0, 0, 0, 0, 0, 0, 0, 0, 3, 99
"c:\Users\omnora\OneDrive\Desktop\new_system\omnora-prime-v13\src\lib\intelligence\engine.ts", "TypeScript", 0, 0, 0, 307, 0, 0, 0, 0, 0, 0, 0, 0, 0, 0, 0, 0, 19, 35, 361
"c:\Users\omnora\OneDrive\Desktop\new_system\omnora-prime-v13\src\lib\intelligence\forecasting.ts", "TypeScript", 0, 0, 0, 77, 0, 0, 0, 0, 0, 0, 0, 0, 0, 0, 0, 0, 11, 19, 107
"c:\Users\omnora\OneDrive\Desktop\new_system\omnora-prime-v13\src\lib\intelligence\predictions.ts", "TypeScript", 0, 0, 0, 119, 0, 0, 0, 0, 0, 0, 0, 0, 0, 0, 0, 0, 11, 16, 146
"c:\Users\omnora\OneDrive\Desktop\new_system\omnora-prime-v13\src\lib\intelligence\sentinel-intelligence.ts", "TypeScript", 0, 0, 0, 56, 0, 0, 0, 0, 0, 0, 0, 0, 0, 0, 0, 0, 1, 12, 69
"c:\Users\omnora\OneDrive\Desktop\new_system\omnora-prime-v13\src\lib\invoices\whatsappBuilder.ts", "TypeScript", 0, 0, 0, 165, 0, 0, 0, 0, 0, 0, 0, 0, 0, 0, 0, 0, 4, 21, 190
"c:\Users\omnora\OneDrive\Desktop\new_system\omnora-prime-v13\src\lib\karigars\gradeSystem.ts", "TypeScript", 0, 0, 0, 106, 0, 0, 0, 0, 0, 0, 0, 0, 0, 0, 0, 0, 1, 5, 112
"c:\Users\omnora\OneDrive\Desktop\new_system\omnora-prime-v13\src\lib\khata\KhataService.ts", "TypeScript", 0, 0, 0, 175, 0, 0, 0, 0, 0, 0, 0, 0, 0, 0, 0, 0, 9, 20, 204
"c:\Users\omnora\OneDrive\Desktop\new_system\omnora-prime-v13\src\lib\knowledge\knowledgeSearch.ts", "TypeScript", 0, 0, 0, 22, 0, 0, 0, 0, 0, 0, 0, 0, 0, 0, 0, 0, 0, 4, 26
"c:\Users\omnora\OneDrive\Desktop\new_system\omnora-prime-v13\src\lib\knowledge\noxis-chat.ts", "TypeScript", 0, 0, 0, 99, 0, 0, 0, 0, 0, 0, 0, 0, 0, 0, 0, 0, 5, 20, 124
"c:\Users\omnora\OneDrive\Desktop\new_system\omnora-prime-v13\src\lib\knowledge\noxis-docs.ts", "TypeScript", 0, 0, 0, 618, 0, 0, 0, 0, 0, 0, 0, 0, 0, 0, 0, 0, 4, 6, 628
"c:\Users\omnora\OneDrive\Desktop\new_system\omnora-prime-v13\src\lib\lens\documentIntelligence.ts", "TypeScript", 0, 0, 0, 172, 0, 0, 0, 0, 0, 0, 0, 0, 0, 0, 0, 0, 15, 27, 214
"c:\Users\omnora\OneDrive\Desktop\new_system\omnora-prime-v13\src\lib\lens\ocrEngine.ts", "TypeScript", 0, 0, 0, 33, 0, 0, 0, 0, 0, 0, 0, 0, 0, 0, 0, 0, 0, 7, 40
"c:\Users\omnora\OneDrive\Desktop\new_system\omnora-prime-v13\src\lib\lens\pdfGenerator.ts", "TypeScript", 0, 0, 0, 63, 0, 0, 0, 0, 0, 0, 0, 0, 0, 0, 0, 0, 7, 11, 81
"c:\Users\omnora\OneDrive\Desktop\new_system\omnora-prime-v13\src\lib\license\tierEngine.ts", "TypeScript", 0, 0, 0, 281, 0, 0, 0, 0, 0, 0, 0, 0, 0, 0, 0, 0, 29, 31, 341
"c:\Users\omnora\OneDrive\Desktop\new_system\omnora-prime-v13\src\lib\locale-utils.ts", "TypeScript", 0, 0, 0, 62, 0, 0, 0, 0, 0, 0, 0, 0, 0, 0, 0, 0, 0, 14, 76
"c:\Users\omnora\OneDrive\Desktop\new_system\omnora-prime-v13\src\lib\logger.ts", "TypeScript", 0, 0, 0, 8, 0, 0, 0, 0, 0, 0, 0, 0, 0, 0, 0, 0, 0, 4, 12
"c:\Users\omnora\OneDrive\Desktop\new_system\omnora-prime-v13\src\lib\messaging\retentionLimits.ts", "TypeScript", 0, 0, 0, 23, 0, 0, 0, 0, 0, 0, 0, 0, 0, 0, 0, 0, 1, 3, 27
"c:\Users\omnora\OneDrive\Desktop\new_system\omnora-prime-v13\src\lib\mobile-bridge\server.ts", "TypeScript", 0, 0, 0, 772, 0, 0, 0, 0, 0, 0, 0, 0, 0, 0, 0, 0, 58, 91, 921
"c:\Users\omnora\OneDrive\Desktop\new_system\omnora-prime-v13\src\lib\monitoring\CrashReporter.ts", "TypeScript", 0, 0, 0, 38, 0, 0, 0, 0, 0, 0, 0, 0, 0, 0, 0, 0, 2, 8, 48
"c:\Users\omnora\OneDrive\Desktop\new_system\omnora-prime-v13\src\lib\monitoring\UptimeMonitor.ts", "TypeScript", 0, 0, 0, 34, 0, 0, 0, 0, 0, 0, 0, 0, 0, 0, 0, 0, 3, 9, 46
"c:\Users\omnora\OneDrive\Desktop\new_system\omnora-prime-v13\src\lib\network\industries.ts", "TypeScript", 0, 0, 0, 93, 0, 0, 0, 0, 0, 0, 0, 0, 0, 0, 0, 0, 2, 2, 97
"c:\Users\omnora\OneDrive\Desktop\new_system\omnora-prime-v13\src\lib\network\productCategories.ts", "TypeScript", 0, 0, 0, 37, 0, 0, 0, 0, 0, 0, 0, 0, 0, 0, 0, 0, 7, 7, 51
"c:\Users\omnora\OneDrive\Desktop\new_system\omnora-prime-v13\src\lib\network\signalCollector.ts", "TypeScript", 0, 0, 0, 123, 0, 0, 0, 0, 0, 0, 0, 0, 0, 0, 0, 0, 4, 15, 142
"c:\Users\omnora\OneDrive\Desktop\new_system\omnora-prime-v13\src\lib\nsp\encryption.ts", "TypeScript", 0, 0, 0, 25, 0, 0, 0, 0, 0, 0, 0, 0, 0, 0, 0, 0, 1, 6, 32
"c:\Users\omnora\OneDrive\Desktop\new_system\omnora-prime-v13\src\lib\nsp\nsp-worker.js", "JavaScript", 0, 0, 0, 0, 0, 0, 17, 0, 0, 0, 0, 0, 0, 0, 0, 0, 0, 1, 18
"c:\Users\omnora\OneDrive\Desktop\new_system\omnora-prime-v13\src\lib\nsp\nsp-worker.ts", "TypeScript", 0, 0, 0, 15, 0, 0, 0, 0, 0, 0, 0, 0, 0, 0, 0, 0, 0, 2, 17
"c:\Users\omnora\OneDrive\Desktop\new_system\omnora-prime-v13\src\lib\nsp\protobuf.ts", "TypeScript", 0, 0, 0, 18, 0, 0, 0, 0, 0, 0, 0, 0, 0, 0, 0, 0, 1, 4, 23
"c:\Users\omnora\OneDrive\Desktop\new_system\omnora-prime-v13\src\lib\nsp\server.ts", "TypeScript", 0, 0, 0, 370, 0, 0, 0, 0, 0, 0, 0, 0, 0, 0, 0, 0, 10, 57, 437
"c:\Users\omnora\OneDrive\Desktop\new_system\omnora-prime-v13\src\lib\parties\generateStatement.ts", "TypeScript", 0, 0, 0, 159, 0, 0, 0, 0, 0, 0, 0, 0, 0, 0, 0, 0, 6, 23, 188
"c:\Users\omnora\OneDrive\Desktop\new_system\omnora-prime-v13\src\lib\payroll\PayrollCalculator.ts", "TypeScript", 0, 0, 0, 72, 0, 0, 0, 0, 0, 0, 0, 0, 0, 0, 0, 0, 3, 17, 92
"c:\Users\omnora\OneDrive\Desktop\new_system\omnora-prime-v13\src\lib\payroll\generatePayslip.ts", "TypeScript", 0, 0, 0, 166, 0, 0, 0, 0, 0, 0, 0, 0, 0, 0, 0, 0, 8, 23, 197
"c:\Users\omnora\OneDrive\Desktop\new_system\omnora-prime-v13\src\lib\pdf\generateChallan.ts", "TypeScript", 0, 0, 0, 135, 0, 0, 0, 0, 0, 0, 0, 0, 0, 0, 0, 0, 14, 38, 187
"c:\Users\omnora\OneDrive\Desktop\new_system\omnora-prime-v13\src\lib\pdf\generatePartyStatement.ts", "TypeScript", 0, 0, 0, 114, 0, 0, 0, 0, 0, 0, 0, 0, 0, 0, 0, 0, 6, 23, 143
"c:\Users\omnora\OneDrive\Desktop\new_system\omnora-prime-v13\src\lib\pdf\generatePayslip.ts", "TypeScript", 0, 0, 0, 144, 0, 0, 0, 0, 0, 0, 0, 0, 0, 0, 0, 0, 14, 36, 194
"c:\Users\omnora\OneDrive\Desktop\new_system\omnora-prime-v13\src\lib\pdf\generateThermal.ts", "TypeScript", 0, 0, 0, 48, 0, 0, 0, 0, 0, 0, 0, 0, 0, 0, 0, 0, 0, 12, 60
"c:\Users\omnora\OneDrive\Desktop\new_system\omnora-prime-v13\src\lib\perf\monitor.ts", "TypeScript", 0, 0, 0, 21, 0, 0, 0, 0, 0, 0, 0, 0, 0, 0, 0, 0, 0, 6, 27
"c:\Users\omnora\OneDrive\Desktop\new_system\omnora-prime-v13\src\lib\persona\PersonaEngine.ts", "TypeScript", 0, 0, 0, 108, 0, 0, 0, 0, 0, 0, 0, 0, 0, 0, 0, 0, 19, 23, 150
"c:\Users\omnora\OneDrive\Desktop\new_system\omnora-prime-v13\src\lib\persona\formatters.ts", "TypeScript", 0, 0, 0, 127, 0, 0, 0, 0, 0, 0, 0, 0, 0, 0, 0, 0, 1, 15, 143
"c:\Users\omnora\OneDrive\Desktop\new_system\omnora-prime-v13\src\lib\persona\industries.ts", "TypeScript", 0, 0, 0, 1719, 0, 0, 0, 0, 0, 0, 0, 0, 0, 0, 0, 0, 139, 56, 1914
"c:\Users\omnora\OneDrive\Desktop\new_system\omnora-prime-v13\src\lib\persona\strings.ts", "TypeScript", 0, 0, 0, 509, 0, 0, 0, 0, 0, 0, 0, 0, 0, 0, 0, 0, 3, 5, 517
"c:\Users\omnora\OneDrive\Desktop\new_system\omnora-prime-v13\src\lib\persona\themes.ts", "TypeScript", 0, 0, 0, 83, 0, 0, 0, 0, 0, 0, 0, 0, 0, 0, 0, 0, 3, 6, 92
"c:\Users\omnora\OneDrive\Desktop\new_system\omnora-prime-v13\src\lib\persona\vocabulary.ts", "TypeScript", 0, 0, 0, 75, 0, 0, 0, 0, 0, 0, 0, 0, 0, 0, 0, 0, 0, 3, 78
"c:\Users\omnora\OneDrive\Desktop\new_system\omnora-prime-v13\src\lib\persona\workerTerminology.ts", "TypeScript", 0, 0, 0, 60, 0, 0, 0, 0, 0, 0, 0, 0, 0, 0, 0, 0, 0, 2, 62
"c:\Users\omnora\OneDrive\Desktop\new_system\omnora-prime-v13\src\lib\portal\generatePortalToken.ts", "TypeScript", 0, 0, 0, 135, 0, 0, 0, 0, 0, 0, 0, 0, 0, 0, 0, 0, 3, 24, 162
"c:\Users\omnora\OneDrive\Desktop\new_system\omnora-prime-v13\src\lib\portal\portal-token-utils.ts", "TypeScript", 0, 0, 0, 41, 0, 0, 0, 0, 0, 0, 0, 0, 0, 0, 0, 0, 2, 9, 52
"c:\Users\omnora\OneDrive\Desktop\new_system\omnora-prime-v13\src\lib\pos\posEngine.ts", "TypeScript", 0, 0, 0, 331, 0, 0, 0, 0, 0, 0, 0, 0, 0, 0, 0, 0, 4, 31, 366
"c:\Users\omnora\OneDrive\Desktop\new_system\omnora-prime-v13\src\lib\queryClient.ts", "TypeScript", 0, 0, 0, 33, 0, 0, 0, 0, 0, 0, 0, 0, 0, 0, 0, 0, 9, 4, 46
"c:\Users\omnora\OneDrive\Desktop\new_system\omnora-prime-v13\src\lib\query\client.ts", "TypeScript", 0, 0, 0, 30, 0, 0, 0, 0, 0, 0, 0, 0, 0, 0, 0, 0, 17, 13, 60
"c:\Users\omnora\OneDrive\Desktop\new_system\omnora-prime-v13\src\lib\query\queryConfig.ts", "TypeScript", 0, 0, 0, 14, 0, 0, 0, 0, 0, 0, 0, 0, 0, 0, 0, 0, 0, 3, 17
"c:\Users\omnora\OneDrive\Desktop\new_system\omnora-prime-v13\src\lib\query\queryKeys.ts", "TypeScript", 0, 0, 0, 39, 0, 0, 0, 0, 0, 0, 0, 0, 0, 0, 0, 0, 0, 3, 42
"c:\Users\omnora\OneDrive\Desktop\new_system\omnora-prime-v13\src\lib\r2.ts", "TypeScript", 0, 0, 0, 29, 0, 0, 0, 0, 0, 0, 0, 0, 0, 0, 0, 0, 0, 6, 35
"c:\Users\omnora\OneDrive\Desktop\new_system\omnora-prime-v13\src\lib\rbac\permissions.ts", "TypeScript", 0, 0, 0, 131, 0, 0, 0, 0, 0, 0, 0, 0, 0, 0, 0, 0, 8, 17, 156
"c:\Users\omnora\OneDrive\Desktop\new_system\omnora-prime-v13\src\lib\realtime\SyncBroadcast.ts", "TypeScript", 0, 0, 0, 37, 0, 0, 0, 0, 0, 0, 0, 0, 0, 0, 0, 0, 2, 8, 47
"c:\Users\omnora\OneDrive\Desktop\new_system\omnora-prime-v13\src\lib\reports\ReportGenerator.ts", "TypeScript", 0, 0, 0, 37, 0, 0, 0, 0, 0, 0, 0, 0, 0, 0, 0, 0, 6, 11, 54
"c:\Users\omnora\OneDrive\Desktop\new_system\omnora-prime-v13\src\lib\security\authHelpers.ts", "TypeScript", 0, 0, 0, 55, 0, 0, 0, 0, 0, 0, 0, 0, 0, 0, 0, 0, 2, 9, 66
"c:\Users\omnora\OneDrive\Desktop\new_system\omnora-prime-v13\src\lib\security\dbKeyManager.ts", "TypeScript", 0, 0, 0, 17, 0, 0, 0, 0, 0, 0, 0, 0, 0, 0, 0, 0, 2, 3, 22
"c:\Users\omnora\OneDrive\Desktop\new_system\omnora-prime-v13\src\lib\security\nonce.ts", "TypeScript", 0, 0, 0, 34, 0, 0, 0, 0, 0, 0, 0, 0, 0, 0, 0, 0, 4, 8, 46
"c:\Users\omnora\OneDrive\Desktop\new_system\omnora-prime-v13\src\lib\security\rateLimiter.ts", "TypeScript", 0, 0, 0, 31, 0, 0, 0, 0, 0, 0, 0, 0, 0, 0, 0, 0, 3, 8, 42
"c:\Users\omnora\OneDrive\Desktop\new_system\omnora-prime-v13\src\lib\security\validators.ts", "TypeScript", 0, 0, 0, 57, 0, 0, 0, 0, 0, 0, 0, 0, 0, 0, 0, 0, 1, 5, 63
"c:\Users\omnora\OneDrive\Desktop\new_system\omnora-prime-v13\src\lib\sentinel\commandEngine.ts", "TypeScript", 0, 0, 0, 292, 0, 0, 0, 0, 0, 0, 0, 0, 0, 0, 0, 0, 11, 11, 314
"c:\Users\omnora\OneDrive\Desktop\new_system\omnora-prime-v13\src\lib\sentinel\recordingManager.ts", "TypeScript", 0, 0, 0, 110, 0, 0, 0, 0, 0, 0, 0, 0, 0, 0, 0, 0, 11, 26, 147
"c:\Users\omnora\OneDrive\Desktop\new_system\omnora-prime-v13\src\lib\supabase\admin.ts", "TypeScript", 0, 0, 0, 42, 0, 0, 0, 0, 0, 0, 0, 0, 0, 0, 0, 0, 0, 6, 48
"c:\Users\omnora\OneDrive\Desktop\new_system\omnora-prime-v13\src\lib\supabase\client.ts", "TypeScript", 0, 0, 0, 151, 0, 0, 0, 0, 0, 0, 0, 0, 0, 0, 0, 0, 7, 17, 175
"c:\Users\omnora\OneDrive\Desktop\new_system\omnora-prime-v13\src\lib\supabase\server.ts", "TypeScript", 0, 0, 0, 38, 0, 0, 0, 0, 0, 0, 0, 0, 0, 0, 0, 0, 4, 5, 47
"c:\Users\omnora\OneDrive\Desktop\new_system\omnora-prime-v13\src\lib\sync\cloudSyncWorker.ts", "TypeScript", 0, 0, 0, 113, 0, 0, 0, 0, 0, 0, 0, 0, 0, 0, 0, 0, 4, 24, 141
"c:\Users\omnora\OneDrive\Desktop\new_system\omnora-prime-v13\src\lib\sync\deltaSyncEngine.ts", "TypeScript", 0, 0, 0, 166, 0, 0, 0, 0, 0, 0, 0, 0, 0, 0, 0, 0, 12, 26, 204
"c:\Users\omnora\OneDrive\Desktop\new_system\omnora-prime-v13\src\lib\sync\offlineQueue.ts", "TypeScript", 0, 0, 0, 169, 0, 0, 0, 0, 0, 0, 0, 0, 0, 0, 0, 0, 9, 26, 204
"c:\Users\omnora\OneDrive\Desktop\new_system\omnora-prime-v13\src\lib\sync\realtimeCDC.ts", "TypeScript", 0, 0, 0, 225, 0, 0, 0, 0, 0, 0, 0, 0, 0, 0, 0, 0, 13, 24, 262
"c:\Users\omnora\OneDrive\Desktop\new_system\omnora-prime-v13\src\lib\sync\syncEngine.ts", "TypeScript", 0, 0, 0, 47, 0, 0, 0, 0, 0, 0, 0, 0, 0, 0, 0, 0, 2, 11, 60
"c:\Users\omnora\OneDrive\Desktop\new_system\omnora-prime-v13\src\lib\tax\taxEngine.ts", "TypeScript", 0, 0, 0, 141, 0, 0, 0, 0, 0, 0, 0, 0, 0, 0, 0, 0, 0, 5, 146
"c:\Users\omnora\OneDrive\Desktop\new_system\omnora-prime-v13\src\lib\themes\themes.ts", "TypeScript", 0, 0, 0, 512, 0, 0, 0, 0, 0, 0, 0, 0, 0, 0, 0, 0, 0, 4, 516
"c:\Users\omnora\OneDrive\Desktop\new_system\omnora-prime-v13\src\lib\utils.ts", "TypeScript", 0, 0, 0, 12, 0, 0, 0, 0, 0, 0, 0, 0, 0, 0, 0, 0, 0, 4, 16
"c:\Users\omnora\OneDrive\Desktop\new_system\omnora-prime-v13\src\lib\utils\apiUrl.ts", "TypeScript", 0, 0, 0, 8, 0, 0, 0, 0, 0, 0, 0, 0, 0, 0, 0, 0, 3, 1, 12
"c:\Users\omnora\OneDrive\Desktop\new_system\omnora-prime-v13\src\lib\utils\clipboard.ts", "TypeScript", 0, 0, 0, 21, 0, 0, 0, 0, 0, 0, 0, 0, 0, 0, 0, 0, 6, 3, 30
"c:\Users\omnora\OneDrive\Desktop\new_system\omnora-prime-v13\src\lib\utils\errors.ts", "TypeScript", 0, 0, 0, 78, 0, 0, 0, 0, 0, 0, 0, 0, 0, 0, 0, 0, 7, 18, 103
"c:\Users\omnora\OneDrive\Desktop\new_system\omnora-prime-v13\src\lib\utils\whatsapp.ts", "TypeScript", 0, 0, 0, 135, 0, 0, 0, 0, 0, 0, 0, 0, 0, 0, 0, 0, 4, 18, 157
"c:\Users\omnora\OneDrive\Desktop\new_system\omnora-prime-v13\src\lib\whatsapp\WhatsAppSender.ts", "TypeScript", 0, 0, 0, 98, 0, 0, 0, 0, 0, 0, 0, 0, 0, 0, 0, 0, 3, 20, 121
"c:\Users\omnora\OneDrive\Desktop\new_system\omnora-prime-v13\src\lib\whatsapp\alertEngine.ts", "TypeScript", 0, 0, 0, 97, 0, 0, 0, 0, 0, 0, 0, 0, 0, 0, 0, 0, 3, 24, 124
"c:\Users\omnora\OneDrive\Desktop\new_system\omnora-prime-v13\src\lib\whatsapp\buildMessage.ts", "TypeScript", 0, 0, 0, 116, 0, 0, 0, 0, 0, 0, 0, 0, 0, 0, 0, 0, 1, 11, 128
"c:\Users\omnora\OneDrive\Desktop\new_system\omnora-prime-v13\src\lib\workers\AnomalyDetector.ts", "TypeScript", 0, 0, 0, 92, 0, 0, 0, 0, 0, 0, 0, 0, 0, 0, 0, 0, 5, 12, 109
"c:\Users\omnora\OneDrive\Desktop\new_system\omnora-prime-v13\src\lib\workflows\engine.ts", "TypeScript", 0, 0, 0, 188, 0, 0, 0, 0, 0, 0, 0, 0, 0, 0, 0, 0, 7, 22, 217
"c:\Users\omnora\OneDrive\Desktop\new_system\omnora-prime-v13\src\lib\workflows\executionEngine.ts", "TypeScript", 0, 0, 0, 81, 0, 0, 0, 0, 0, 0, 0, 0, 0, 0, 0, 0, 3, 13, 97
"c:\Users\omnora\OneDrive\Desktop\new_system\omnora-prime-v13\src\messages\ar.json", "JSON", 0, 0, 155, 0, 0, 0, 0, 0, 0, 0, 0, 0, 0, 0, 0, 0, 0, 1, 156
"c:\Users\omnora\OneDrive\Desktop\new_system\omnora-prime-v13\src\messages\de.json", "JSON", 0, 0, 155, 0, 0, 0, 0, 0, 0, 0, 0, 0, 0, 0, 0, 0, 0, 1, 156
"c:\Users\omnora\OneDrive\Desktop\new_system\omnora-prime-v13\src\messages\en.json", "JSON", 0, 0, 154, 0, 0, 0, 0, 0, 0, 0, 0, 0, 0, 0, 0, 0, 0, 1, 155
"c:\Users\omnora\OneDrive\Desktop\new_system\omnora-prime-v13\src\messages\es.json", "JSON", 0, 0, 155, 0, 0, 0, 0, 0, 0, 0, 0, 0, 0, 0, 0, 0, 0, 1, 156
"c:\Users\omnora\OneDrive\Desktop\new_system\omnora-prime-v13\src\messages\fa.json", "JSON", 0, 0, 155, 0, 0, 0, 0, 0, 0, 0, 0, 0, 0, 0, 0, 0, 0, 1, 156
"c:\Users\omnora\OneDrive\Desktop\new_system\omnora-prime-v13\src\messages\fr.json", "JSON", 0, 0, 152, 0, 0, 0, 0, 0, 0, 0, 0, 0, 0, 0, 0, 0, 0, 1, 153
"c:\Users\omnora\OneDrive\Desktop\new_system\omnora-prime-v13\src\messages\hi.json", "JSON", 0, 0, 155, 0, 0, 0, 0, 0, 0, 0, 0, 0, 0, 0, 0, 0, 0, 1, 156
"c:\Users\omnora\OneDrive\Desktop\new_system\omnora-prime-v13\src\messages\tr.json", "JSON", 0, 0, 155, 0, 0, 0, 0, 0, 0, 0, 0, 0, 0, 0, 0, 0, 0, 1, 156
"c:\Users\omnora\OneDrive\Desktop\new_system\omnora-prime-v13\src\messages\ur.json", "JSON", 0, 0, 152, 0, 0, 0, 0, 0, 0, 0, 0, 0, 0, 0, 0, 0, 0, 1, 153
"c:\Users\omnora\OneDrive\Desktop\new_system\omnora-prime-v13\src\messages\zh.json", "JSON", 0, 0, 155, 0, 0, 0, 0, 0, 0, 0, 0, 0, 0, 0, 0, 0, 0, 1, 156
"c:\Users\omnora\OneDrive\Desktop\new_system\omnora-prime-v13\src\middleware.ts", "TypeScript", 0, 0, 0, 128, 0, 0, 0, 0, 0, 0, 0, 0, 0, 0, 0, 0, 11, 22, 161
"c:\Users\omnora\OneDrive\Desktop\new_system\omnora-prime-v13\src\providers\AuthProvider.tsx", "TypeScript JSX", 0, 0, 0, 0, 0, 0, 0, 0, 0, 0, 0, 229, 0, 0, 0, 0, 7, 32, 268
"c:\Users\omnora\OneDrive\Desktop\new_system\omnora-prime-v13\src\providers\LicenseProvider.tsx", "TypeScript JSX", 0, 0, 0, 0, 0, 0, 0, 0, 0, 0, 0, 325, 0, 0, 0, 0, 17, 54, 396
"c:\Users\omnora\OneDrive\Desktop\new_system\omnora-prime-v13\src\providers\SyncProvider.tsx", "TypeScript JSX", 0, 0, 0, 0, 0, 0, 0, 0, 0, 0, 0, 177, 0, 0, 0, 0, 7, 24, 208
"c:\Users\omnora\OneDrive\Desktop\new_system\omnora-prime-v13\src\server\NspBroadcaster.ts", "TypeScript", 0, 0, 0, 574, 0, 0, 0, 0, 0, 0, 0, 0, 0, 0, 0, 0, 25, 89, 688
"c:\Users\omnora\OneDrive\Desktop\new_system\omnora-prime-v13\src\server\TCPServer.ts", "TypeScript", 0, 0, 0, 75, 0, 0, 0, 0, 0, 0, 0, 0, 0, 0, 0, 0, 1, 12, 88
"c:\Users\omnora\OneDrive\Desktop\new_system\omnora-prime-v13\src\server\WorkerPool.ts", "TypeScript", 0, 0, 0, 180, 0, 0, 0, 0, 0, 0, 0, 0, 0, 0, 0, 0, 1, 29, 210
"c:\Users\omnora\OneDrive\Desktop\new_system\omnora-prime-v13\src\server\server.ts", "TypeScript", 0, 0, 0, 246, 0, 0, 0, 0, 0, 0, 0, 0, 0, 0, 0, 0, 27, 53, 326
"c:\Users\omnora\OneDrive\Desktop\new_system\omnora-prime-v13\src\services\GuardianService.ts", "TypeScript", 0, 0, 0, 40, 0, 0, 0, 0, 0, 0, 0, 0, 0, 0, 0, 0, 2, 6, 48
"c:\Users\omnora\OneDrive\Desktop\new_system\omnora-prime-v13\src\services\WhatsAppBusinessService.ts", "TypeScript", 0, 0, 0, 53, 0, 0, 0, 0, 0, 0, 0, 0, 0, 0, 0, 0, 2, 10, 65
"c:\Users\omnora\OneDrive\Desktop\new_system\omnora-prime-v13\src\store\BusinessProfileStore.ts", "TypeScript", 0, 0, 0, 108, 0, 0, 0, 0, 0, 0, 0, 0, 0, 0, 0, 0, 0, 5, 113
"c:\Users\omnora\OneDrive\Desktop\new_system\omnora-prime-v13\src\stores\branchStore.ts", "TypeScript", 0, 0, 0, 208, 0, 0, 0, 0, 0, 0, 0, 0, 0, 0, 0, 0, 6, 26, 240
"c:\Users\omnora\OneDrive\Desktop\new_system\omnora-prime-v13\src\stores\businessModeStore.ts", "TypeScript", 0, 0, 0, 128, 0, 0, 0, 0, 0, 0, 0, 0, 0, 0, 0, 0, 9, 18, 155
"c:\Users\omnora\OneDrive\Desktop\new_system\omnora-prime-v13\src\stores\index.ts", "TypeScript", 0, 0, 0, 14, 0, 0, 0, 0, 0, 0, 0, 0, 0, 0, 0, 0, 7, 6, 27
"c:\Users\omnora\OneDrive\Desktop\new_system\omnora-prime-v13\src\stores\languageStore.ts", "TypeScript", 0, 0, 0, 47, 0, 0, 0, 0, 0, 0, 0, 0, 0, 0, 0, 0, 5, 6, 58
"c:\Users\omnora\OneDrive\Desktop\new_system\omnora-prime-v13\src\stores\notificationStore.ts", "TypeScript", 0, 0, 0, 69, 0, 0, 0, 0, 0, 0, 0, 0, 0, 0, 0, 0, 0, 5, 74
"c:\Users\omnora\OneDrive\Desktop\new_system\omnora-prime-v13\src\stores\themeStore.ts", "TypeScript", 0, 0, 0, 158, 0, 0, 0, 0, 0, 0, 0, 0, 0, 0, 0, 0, 7, 19, 184
"c:\Users\omnora\OneDrive\Desktop\new_system\omnora-prime-v13\src\stores\tierStore.ts", "TypeScript", 0, 0, 0, 211, 0, 0, 0, 0, 0, 0, 0, 0, 0, 0, 0, 0, 5, 22, 238
"c:\Users\omnora\OneDrive\Desktop\new_system\omnora-prime-v13\src\stores\undoStore.ts", "TypeScript", 0, 0, 0, 38, 0, 0, 0, 0, 0, 0, 0, 0, 0, 0, 0, 0, 0, 6, 44
"c:\Users\omnora\OneDrive\Desktop\new_system\omnora-prime-v13\src\templates\BalanceSheet.html", "HTML", 0, 0, 0, 0, 0, 0, 0, 0, 0, 0, 96, 0, 0, 0, 0, 0, 0, 12, 108
"c:\Users\omnora\OneDrive\Desktop\new_system\omnora-prime-v13\src\templates\ProfitLoss.html", "HTML", 0, 0, 0, 0, 0, 0, 0, 0, 0, 0, 80, 0, 0, 0, 0, 0, 0, 8, 88
"c:\Users\omnora\OneDrive\Desktop\new_system\omnora-prime-v13\src\templates\TaxReturn.html", "HTML", 0, 0, 0, 0, 0, 0, 0, 0, 0, 0, 73, 0, 0, 0, 0, 0, 0, 7, 80
"c:\Users\omnora\OneDrive\Desktop\new_system\omnora-prime-v13\src\templates\TrialBalance.html", "HTML", 0, 0, 0, 0, 0, 0, 0, 0, 0, 0, 68, 0, 0, 0, 0, 0, 0, 5, 73
"c:\Users\omnora\OneDrive\Desktop\new_system\omnora-prime-v13\src\tests\accounting\doubleEntry.test.ts", "TypeScript", 0, 0, 0, 106, 0, 0, 0, 0, 0, 0, 0, 0, 0, 0, 0, 0, 7, 19, 132
"c:\Users\omnora\OneDrive\Desktop\new_system\omnora-prime-v13\src\tests\atomicSale.test.ts", "TypeScript", 0, 0, 0, 227, 0, 0, 0, 0, 0, 0, 0, 0, 0, 0, 0, 0, 2, 36, 265
"c:\Users\omnora\OneDrive\Desktop\new_system\omnora-prime-v13\src\tests\barcodeEngine.test.ts", "TypeScript", 0, 0, 0, 80, 0, 0, 0, 0, 0, 0, 0, 0, 0, 0, 0, 0, 1, 10, 91
"c:\Users\omnora\OneDrive\Desktop\new_system\omnora-prime-v13\src\tests\dotenv-setup.ts", "TypeScript", 0, 0, 0, 3, 0, 0, 0, 0, 0, 0, 0, 0, 0, 0, 0, 0, 0, 2, 5
"c:\Users\omnora\OneDrive\Desktop\new_system\omnora-prime-v13\src\tests\industry\configs.test.ts", "TypeScript", 0, 0, 0, 72, 0, 0, 0, 0, 0, 0, 0, 0, 0, 0, 0, 0, 0, 9, 81
"c:\Users\omnora\OneDrive\Desktop\new_system\omnora-prime-v13\src\tests\integration\atomicSale.test.ts", "TypeScript", 0, 0, 0, 227, 0, 0, 0, 0, 0, 0, 0, 0, 0, 0, 0, 0, 2, 36, 265
"c:\Users\omnora\OneDrive\Desktop\new_system\omnora-prime-v13\src\tests\integration\ledger-integrity.test.ts", "TypeScript", 0, 0, 0, 190, 0, 0, 0, 0, 0, 0, 0, 0, 0, 0, 0, 0, 31, 53, 274
"c:\Users\omnora\OneDrive\Desktop\new_system\omnora-prime-v13\src\tests\integration\rls-security.test.ts", "TypeScript", 0, 0, 0, 202, 0, 0, 0, 0, 0, 0, 0, 0, 0, 0, 0, 0, 24, 56, 282
"c:\Users\omnora\OneDrive\Desktop\new_system\omnora-prime-v13\src\tests\integration\security-audit.test.ts", "TypeScript", 0, 0, 0, 153, 0, 0, 0, 0, 0, 0, 0, 0, 0, 0, 0, 0, 10, 28, 191
"c:\Users\omnora\OneDrive\Desktop\new_system\omnora-prime-v13\src\tests\integration\tcp-pipeline.test.ts", "TypeScript", 0, 0, 0, 139, 0, 0, 0, 0, 0, 0, 0, 0, 0, 0, 0, 0, 10, 44, 193
"c:\Users\omnora\OneDrive\Desktop\new_system\omnora-prime-v13\src\tests\rbac\permissions.test.ts", "TypeScript", 0, 0, 0, 96, 0, 0, 0, 0, 0, 0, 0, 0, 0, 0, 0, 0, 0, 13, 109
"c:\Users\omnora\OneDrive\Desktop\new_system\omnora-prime-v13\src\tests\security\validation.test.ts", "TypeScript", 0, 0, 0, 82, 0, 0, 0, 0, 0, 0, 0, 0, 0, 0, 0, 0, 0, 8, 90
"c:\Users\omnora\OneDrive\Desktop\new_system\omnora-prime-v13\src\tests\setup.ts", "TypeScript", 0, 0, 0, 1015, 0, 0, 0, 0, 0, 0, 0, 0, 0, 0, 0, 0, 38, 133, 1186
"c:\Users\omnora\OneDrive\Desktop\new_system\omnora-prime-v13\src\tests\smoke-checklist.md", "Markdown", 45, 0, 0, 0, 0, 0, 0, 0, 0, 0, 0, 0, 0, 0, 0, 0, 0, 9, 54
"c:\Users\omnora\OneDrive\Desktop\new_system\omnora-prime-v13\src\types\react-hot-toast.d.ts", "TypeScript", 0, 0, 0, 15, 0, 0, 0, 0, 0, 0, 0, 0, 0, 0, 0, 0, 0, 2, 17
"c:\Users\omnora\OneDrive\Desktop\new_system\omnora-prime-v13\src\utils\NumberToWords.ts", "TypeScript", 0, 0, 0, 74, 0, 0, 0, 0, 0, 0, 0, 0, 0, 0, 0, 0, 3, 12, 89
"c:\Users\omnora\OneDrive\Desktop\new_system\omnora-prime-v13\src\utils\check-sessions.ts", "TypeScript", 0, 0, 0, 18, 0, 0, 0, 0, 0, 0, 0, 0, 0, 0, 0, 0, 0, 6, 24
"c:\Users\omnora\OneDrive\Desktop\new_system\omnora-prime-v13\src\utils\create-missing-routes.js", "JavaScript", 0, 0, 0, 0, 0, 0, 73, 0, 0, 0, 0, 0, 0, 0, 0, 0, 0, 11, 84
"c:\Users\omnora\OneDrive\Desktop\new_system\omnora-prime-v13\src\utils\find-data.js", "JavaScript", 0, 0, 0, 0, 0, 0, 12, 0, 0, 0, 0, 0, 0, 0, 0, 0, 0, 5, 17
"c:\Users\omnora\OneDrive\Desktop\new_system\omnora-prime-v13\src\utils\list-columns.js", "JavaScript", 0, 0, 0, 0, 0, 0, 12, 0, 0, 0, 0, 0, 0, 0, 0, 0, 2, 6, 20
"c:\Users\omnora\OneDrive\Desktop\new_system\omnora-prime-v13\src\utils\list-portals.js", "JavaScript", 0, 0, 0, 0, 0, 0, 12, 0, 0, 0, 0, 0, 0, 0, 0, 0, 0, 5, 17
"c:\Users\omnora\OneDrive\Desktop\new_system\omnora-prime-v13\src\utils\setup-test-portal.js", "JavaScript", 0, 0, 0, 0, 0, 0, 59, 0, 0, 0, 0, 0, 0, 0, 0, 0, 5, 17, 81
"c:\Users\omnora\OneDrive\Desktop\new_system\omnora-prime-v13\src\utils\supabase\client.ts", "TypeScript", 0, 0, 0, 8, 0, 0, 0, 0, 0, 0, 0, 0, 0, 0, 0, 0, 0, 3, 11
"c:\Users\omnora\OneDrive\Desktop\new_system\omnora-prime-v13\src\utils\supabase\middleware.ts", "TypeScript", 0, 0, 0, 32, 0, 0, 0, 0, 0, 0, 0, 0, 0, 0, 0, 0, 1, 5, 38
"c:\Users\omnora\OneDrive\Desktop\new_system\omnora-prime-v13\src\utils\supabase\server.ts", "TypeScript", 0, 0, 0, 23, 0, 0, 0, 0, 0, 0, 0, 0, 0, 0, 0, 0, 3, 3, 29
"c:\Users\omnora\OneDrive\Desktop\new_system\omnora-prime-v13\src\vision\requirements.txt", "pip requirements", 0, 0, 0, 0, 0, 0, 0, 3, 0, 0, 0, 0, 0, 0, 0, 0, 0, 2, 5
"c:\Users\omnora\OneDrive\Desktop\new_system\omnora-prime-v13\src\vision\vision_engine.py", "Python", 0, 0, 0, 0, 0, 0, 0, 0, 0, 166, 0, 0, 0, 0, 0, 0, 14, 38, 218
"c:\Users\omnora\OneDrive\Desktop\new_system\omnora-prime-v13\supabase\functions\backup-local-db\index.ts", "TypeScript", 0, 0, 0, 48, 0, 0, 0, 0, 0, 0, 0, 0, 0, 0, 0, 0, 8, 15, 71
"c:\Users\omnora\OneDrive\Desktop\new_system\omnora-prime-v13\supabase\functions\check-reorder-alerts\index.ts", "TypeScript", 0, 0, 0, 59, 0, 0, 0, 0, 0, 0, 0, 0, 0, 0, 0, 0, 4, 14, 77
"c:\Users\omnora\OneDrive\Desktop\new_system\omnora-prime-v13\supabase\functions\complete-pos-sale\index.ts", "TypeScript", 0, 0, 0, 104, 0, 0, 0, 0, 0, 0, 0, 0, 0, 0, 0, 0, 8, 24, 136
"c:\Users\omnora\OneDrive\Desktop\new_system\omnora-prime-v13\supabase\functions\deliver-webhook\index.ts", "TypeScript", 0, 0, 0, 81, 0, 0, 0, 0, 0, 0, 0, 0, 0, 0, 0, 0, 3, 18, 102
"c:\Users\omnora\OneDrive\Desktop\new_system\omnora-prime-v13\supabase\functions\deno.d.ts", "TypeScript", 0, 0, 0, 13, 0, 0, 0, 0, 0, 0, 0, 0, 0, 0, 0, 0, 4, 4, 21
"c:\Users\omnora\OneDrive\Desktop\new_system\omnora-prime-v13\supabase\functions\deno.json", "JSON", 0, 0, 3, 0, 0, 0, 0, 0, 0, 0, 0, 0, 0, 0, 0, 0, 0, 2, 5
"c:\Users\omnora\OneDrive\Desktop\new_system\omnora-prime-v13\supabase\functions\easypaisa-initiate\index.ts", "TypeScript", 0, 0, 0, 56, 0, 0, 0, 0, 0, 0, 0, 0, 0, 0, 0, 0, 8, 15, 79
"c:\Users\omnora\OneDrive\Desktop\new_system\omnora-prime-v13\supabase\functions\easypaisa-webhook\index.ts", "TypeScript", 0, 0, 0, 38, 0, 0, 0, 0, 0, 0, 0, 0, 0, 0, 0, 0, 3, 11, 52
"c:\Users\omnora\OneDrive\Desktop\new_system\omnora-prime-v13\supabase\functions\export-ledger\index.ts", "TypeScript", 0, 0, 0, 68, 0, 0, 0, 0, 0, 0, 0, 0, 0, 0, 0, 0, 7, 13, 88
"c:\Users\omnora\OneDrive\Desktop\new_system\omnora-prime-v13\supabase\functions\gdpr-export\index.ts", "TypeScript", 0, 0, 0, 100, 0, 0, 0, 0, 0, 0, 0, 0, 0, 0, 0, 0, 13, 25, 138
"c:\Users\omnora\OneDrive\Desktop\new_system\omnora-prime-v13\supabase\functions\generate-license\index.ts", "TypeScript", 0, 0, 0, 72, 0, 0, 0, 0, 0, 0, 0, 0, 0, 0, 0, 0, 4, 19, 95
"c:\Users\omnora\OneDrive\Desktop\new_system\omnora-prime-v13\supabase\functions\generate-payroll\index.ts", "TypeScript", 0, 0, 0, 146, 0, 0, 0, 0, 0, 0, 0, 0, 0, 0, 0, 0, 8, 33, 187
"c:\Users\omnora\OneDrive\Desktop\new_system\omnora-prime-v13\supabase\functions\get-balance-sheet\index.ts", "TypeScript", 0, 0, 0, 79, 0, 0, 0, 0, 0, 0, 0, 0, 0, 0, 0, 0, 6, 20, 105
"c:\Users\omnora\OneDrive\Desktop\new_system\omnora-prime-v13\supabase\functions\get-profit-loss\index.ts", "TypeScript", 0, 0, 0, 80, 0, 0, 0, 0, 0, 0, 0, 0, 0, 0, 0, 0, 6, 20, 106
"c:\Users\omnora\OneDrive\Desktop\new_system\omnora-prime-v13\supabase\functions\get-tax-return\index.ts", "TypeScript", 0, 0, 0, 78, 0, 0, 0, 0, 0, 0, 0, 0, 0, 0, 0, 0, 5, 19, 102
"c:\Users\omnora\OneDrive\Desktop\new_system\omnora-prime-v13\supabase\functions\get-trial-balance\index.ts", "TypeScript", 0, 0, 0, 95, 0, 0, 0, 0, 0, 0, 0, 0, 0, 0, 0, 0, 6, 25, 126
"c:\Users\omnora\OneDrive\Desktop\new_system\omnora-prime-v13\supabase\functions\import-data\index.ts", "TypeScript", 0, 0, 0, 91, 0, 0, 0, 0, 0, 0, 0, 0, 0, 0, 0, 0, 7, 14, 112
"c:\Users\omnora\OneDrive\Desktop\new_system\omnora-prime-v13\supabase\functions\import_map.json", "JSON", 0, 0, 7, 0, 0, 0, 0, 0, 0, 0, 0, 0, 0, 0, 0, 0, 0, 2, 9
"c:\Users\omnora\OneDrive\Desktop\new_system\omnora-prime-v13\supabase\functions\jazzcash-initiate\index.ts", "TypeScript", 0, 0, 0, 80, 0, 0, 0, 0, 0, 0, 0, 0, 0, 0, 0, 0, 4, 17, 101
"c:\Users\omnora\OneDrive\Desktop\new_system\omnora-prime-v13\supabase\functions\jazzcash-webhook\index.ts", "TypeScript", 0, 0, 0, 57, 0, 0, 0, 0, 0, 0, 0, 0, 0, 0, 0, 0, 4, 16, 77
"c:\Users\omnora\OneDrive\Desktop\new_system\omnora-prime-v13\supabase\functions\paddle-create-checkout\index.ts", "TypeScript", 0, 0, 0, 65, 0, 0, 0, 0, 0, 0, 0, 0, 0, 0, 0, 0, 4, 16, 85
"c:\Users\omnora\OneDrive\Desktop\new_system\omnora-prime-v13\supabase\functions\paddle-webhook\index.ts", "TypeScript", 0, 0, 0, 41, 0, 0, 0, 0, 0, 0, 0, 0, 0, 0, 0, 0, 3, 11, 55
"c:\Users\omnora\OneDrive\Desktop\new_system\omnora-prime-v13\supabase\functions\portal-send-otp\index.ts", "TypeScript", 0, 0, 0, 65, 0, 0, 0, 0, 0, 0, 0, 0, 0, 0, 0, 0, 6, 18, 89
"c:\Users\omnora\OneDrive\Desktop\new_system\omnora-prime-v13\supabase\functions\portal-verify-otp\index.ts", "TypeScript", 0, 0, 0, 78, 0, 0, 0, 0, 0, 0, 0, 0, 0, 0, 0, 0, 6, 20, 104
"c:\Users\omnora\OneDrive\Desktop\new_system\omnora-prime-v13\supabase\functions\post-payroll\index.ts", "TypeScript", 0, 0, 0, 123, 0, 0, 0, 0, 0, 0, 0, 0, 0, 0, 0, 0, 9, 27, 159
"c:\Users\omnora\OneDrive\Desktop\new_system\omnora-prime-v13\supabase\functions\post-transaction\index.ts", "TypeScript", 0, 0, 0, 73, 0, 0, 0, 0, 0, 0, 0, 0, 0, 0, 0, 0, 5, 17, 95
"c:\Users\omnora\OneDrive\Desktop\new_system\omnora-prime-v13\supabase\functions\reverse-transaction\index.ts", "TypeScript", 0, 0, 0, 55, 0, 0, 0, 0, 0, 0, 0, 0, 0, 0, 0, 0, 4, 13, 72
"c:\Users\omnora\OneDrive\Desktop\new_system\omnora-prime-v13\supabase\functions\save-tax-filing\index.ts", "TypeScript", 0, 0, 0, 67, 0, 0, 0, 0, 0, 0, 0, 0, 0, 0, 0, 0, 3, 15, 85
"c:\Users\omnora\OneDrive\Desktop\new_system\omnora-prime-v13\supabase\functions\seed-cctv-brands\index.ts", "TypeScript", 0, 0, 0, 48, 0, 0, 0, 0, 0, 0, 0, 0, 0, 0, 0, 0, 1, 10, 59
"c:\Users\omnora\OneDrive\Desktop\new_system\omnora-prime-v13\supabase\functions\unlock-period\index.ts", "TypeScript", 0, 0, 0, 47, 0, 0, 0, 0, 0, 0, 0, 0, 0, 0, 0, 0, 3, 15, 65
"c:\Users\omnora\OneDrive\Desktop\new_system\omnora-prime-v13\supabase\functions\verify-license\index.ts", "TypeScript", 0, 0, 0, 127, 0, 0, 0, 0, 0, 0, 0, 0, 0, 0, 0, 0, 12, 24, 163
"c:\Users\omnora\OneDrive\Desktop\new_system\omnora-prime-v13\supabase\functions\verify-pin\index.ts", "TypeScript", 0, 0, 0, 73, 0, 0, 0, 0, 0, 0, 0, 0, 0, 0, 0, 0, 3, 19, 95
"c:\Users\omnora\OneDrive\Desktop\new_system\omnora-prime-v13\supabase\functions\whatsapp-send\index.ts", "TypeScript", 0, 0, 0, 117, 0, 0, 0, 0, 0, 0, 0, 0, 0, 0, 0, 0, 6, 20, 143
"c:\Users\omnora\OneDrive\Desktop\new_system\omnora-prime-v13\supabase\migrations\001_core_identity.sql", "MS SQL", 0, 0, 0, 0, 0, 0, 0, 0, 0, 0, 0, 0, 48, 0, 0, 0, 5, 10, 63
"c:\Users\omnora\OneDrive\Desktop\new_system\omnora-prime-v13\supabase\migrations\002_inventory.sql", "MS SQL", 0, 0, 0, 0, 0, 0, 0, 0, 0, 0, 0, 0, 147, 0, 0, 0, 7, 19, 173
"c:\Users\omnora\OneDrive\Desktop\new_system\omnora-prime-v13\supabase\migrations\003_fintech.sql", "MS SQL", 0, 0, 0, 0, 0, 0, 0, 0, 0, 0, 0, 0, 198, 0, 0, 0, 12, 23, 233
"c:\Users\omnora\OneDrive\Desktop\new_system\omnora-prime-v13\supabase\migrations\004_sentinel.sql", "MS SQL", 0, 0, 0, 0, 0, 0, 0, 0, 0, 0, 0, 0, 94, 0, 0, 0, 9, 15, 118
"c:\Users\omnora\OneDrive\Desktop\new_system\omnora-prime-v13\supabase\migrations\005_karigar.sql", "MS SQL", 0, 0, 0, 0, 0, 0, 0, 0, 0, 0, 0, 0, 209, 0, 0, 0, 12, 21, 242
"c:\Users\omnora\OneDrive\Desktop\new_system\omnora-prime-v13\supabase\migrations\006a_persona.sql", "MS SQL", 0, 0, 0, 0, 0, 0, 0, 0, 0, 0, 0, 0, 275, 0, 0, 0, 6, 19, 300
"c:\Users\omnora\OneDrive\Desktop\new_system\omnora-prime-v13\supabase\migrations\006b_industry_specific.sql", "MS SQL", 0, 0, 0, 0, 0, 0, 0, 0, 0, 0, 0, 0, 120, 0, 0, 0, 8, 9, 137
"c:\Users\omnora\OneDrive\Desktop\new_system\omnora-prime-v13\supabase\migrations\006c_supply_chain.sql", "MS SQL", 0, 0, 0, 0, 0, 0, 0, 0, 0, 0, 0, 0, 171, 0, 0, 0, 17, 25, 213
"c:\Users\omnora\OneDrive\Desktop\new_system\omnora-prime-v13\supabase\migrations\007_financial_statements.sql", "MS SQL", 0, 0, 0, 0, 0, 0, 0, 0, 0, 0, 0, 0, 303, 0, 0, 0, 15, 13, 331
"c:\Users\omnora\OneDrive\Desktop\new_system\omnora-prime-v13\supabase\migrations\008_tax_protection.sql", "MS SQL", 0, 0, 0, 0, 0, 0, 0, 0, 0, 0, 0, 0, 87, 0, 0, 0, 11, 15, 113
"c:\Users\omnora\OneDrive\Desktop\new_system\omnora-prime-v13\supabase\migrations\009_pos.sql", "MS SQL", 0, 0, 0, 0, 0, 0, 0, 0, 0, 0, 0, 0, 76, 0, 0, 0, 6, 14, 96
"c:\Users\omnora\OneDrive\Desktop\new_system\omnora-prime-v13\supabase\migrations\010_cctv_v2.sql", "MS SQL", 0, 0, 0, 0, 0, 0, 0, 0, 0, 0, 0, 0, 73, 0, 0, 0, 8, 12, 93
"c:\Users\omnora\OneDrive\Desktop\new_system\omnora-prime-v13\supabase\migrations\014_repair_relations.sql", "MS SQL", 0, 0, 0, 0, 0, 0, 0, 0, 0, 0, 0, 0, 54, 0, 0, 0, 6, 7, 67
"c:\Users\omnora\OneDrive\Desktop\new_system\omnora-prime-v13\supabase\migrations\015_index_audit.sql", "MS SQL", 0, 0, 0, 0, 0, 0, 0, 0, 0, 0, 0, 0, 78, 0, 0, 0, 10, 11, 99
"c:\Users\omnora\OneDrive\Desktop\new_system\omnora-prime-v13\supabase\migrations\016_payments.sql", "MS SQL", 0, 0, 0, 0, 0, 0, 0, 0, 0, 0, 0, 0, 46, 0, 0, 0, 3, 7, 56
"c:\Users\omnora\OneDrive\Desktop\new_system\omnora-prime-v13\supabase\migrations\017_client_portal.sql", "MS SQL", 0, 0, 0, 0, 0, 0, 0, 0, 0, 0, 0, 0, 45, 0, 0, 0, 9, 12, 66
"c:\Users\omnora\OneDrive\Desktop\new_system\omnora-prime-v13\supabase\migrations\019_webhooks.sql", "MS SQL", 0, 0, 0, 0, 0, 0, 0, 0, 0, 0, 0, 0, 29, 0, 0, 0, 5, 8, 42
"c:\Users\omnora\OneDrive\Desktop\new_system\omnora-prime-v13\supabase\migrations\020_consolidation.sql", "MS SQL", 0, 0, 0, 0, 0, 0, 0, 0, 0, 0, 0, 0, 55, 0, 0, 0, 9, 11, 75
"c:\Users\omnora\OneDrive\Desktop\new_system\omnora-prime-v13\supabase\migrations\021_storage_buckets.sql", "MS SQL", 0, 0, 0, 0, 0, 0, 0, 0, 0, 0, 0, 0, 27, 0, 0, 0, 9, 9, 45
"c:\Users\omnora\OneDrive\Desktop\new_system\omnora-prime-v13\supabase\migrations\021_sync_integrity.sql", "MS SQL", 0, 0, 0, 0, 0, 0, 0, 0, 0, 0, 0, 0, 52, 0, 0, 0, 5, 7, 64
"c:\Users\omnora\OneDrive\Desktop\new_system\omnora-prime-v13\supabase\migrations\022_anomaly_detection.sql", "MS SQL", 0, 0, 0, 0, 0, 0, 0, 0, 0, 0, 0, 0, 115, 0, 0, 0, 10, 12, 137
"c:\Users\omnora\OneDrive\Desktop\new_system\omnora-prime-v13\supabase\migrations\023_invoice_posting.sql", "MS SQL", 0, 0, 0, 0, 0, 0, 0, 0, 0, 0, 0, 0, 85, 0, 0, 0, 18, 16, 119
"c:\Users\omnora\OneDrive\Desktop\new_system\omnora-prime-v13\supabase\migrations\023_production_intelligence.sql", "MS SQL", 0, 0, 0, 0, 0, 0, 0, 0, 0, 0, 0, 0, 123, 0, 0, 0, 6, 6, 135
"c:\Users\omnora\OneDrive\Desktop\new_system\omnora-prime-v13\supabase\migrations\024_payroll_and_reporting_functions.sql", "MS SQL", 0, 0, 0, 0, 0, 0, 0, 0, 0, 0, 0, 0, 102, 0, 0, 0, 8, 7, 117
"c:\Users\omnora\OneDrive\Desktop\new_system\omnora-prime-v13\supabase\migrations\024_supplier_intelligence.sql", "MS SQL", 0, 0, 0, 0, 0, 0, 0, 0, 0, 0, 0, 0, 173, 0, 0, 0, 5, 22, 200
"c:\Users\omnora\OneDrive\Desktop\new_system\omnora-prime-v13\supabase\migrations\025_cashflow_forecast.sql", "MS SQL", 0, 0, 0, 0, 0, 0, 0, 0, 0, 0, 0, 0, 140, 0, 0, 0, 8, 6, 154
"c:\Users\omnora\OneDrive\Desktop\new_system\omnora-prime-v13\supabase\migrations\025_whatsapp_infrastructure.sql", "MS SQL", 0, 0, 0, 0, 0, 0, 0, 0, 0, 0, 0, 0, 30, 0, 0, 0, 5, 5, 40
"c:\Users\omnora\OneDrive\Desktop\new_system\omnora-prime-v13\supabase\migrations\026_shift_handover.sql", "MS SQL", 0, 0, 0, 0, 0, 0, 0, 0, 0, 0, 0, 0, 34, 0, 0, 0, 5, 10, 49
"c:\Users\omnora\OneDrive\Desktop\new_system\omnora-prime-v13\supabase\migrations\028_fleet.sql", "MS SQL", 0, 0, 0, 0, 0, 0, 0, 0, 0, 0, 0, 0, 23, 0, 0, 0, 1, 3, 27
"c:\Users\omnora\OneDrive\Desktop\new_system\omnora-prime-v13\supabase\migrations\028_mandi.sql", "MS SQL", 0, 0, 0, 0, 0, 0, 0, 0, 0, 0, 0, 0, 15, 0, 0, 0, 1, 3, 19
"c:\Users\omnora\OneDrive\Desktop\new_system\omnora-prime-v13\supabase\migrations\028_orders.sql", "MS SQL", 0, 0, 0, 0, 0, 0, 0, 0, 0, 0, 0, 0, 34, 0, 0, 0, 1, 6, 41
"c:\Users\omnora\OneDrive\Desktop\new_system\omnora-prime-v13\supabase\migrations\028_samples.sql", "MS SQL", 0, 0, 0, 0, 0, 0, 0, 0, 0, 0, 0, 0, 32, 0, 0, 0, 1, 6, 39
"c:\Users\omnora\OneDrive\Desktop\new_system\omnora-prime-v13\supabase\migrations\029_seasonal_intelligence.sql", "MS SQL", 0, 0, 0, 0, 0, 0, 0, 0, 0, 0, 0, 0, 54, 0, 0, 0, 7, 7, 68
"c:\Users\omnora\OneDrive\Desktop\new_system\omnora-prime-v13\supabase\migrations\030_intelligence.sql", "MS SQL", 0, 0, 0, 0, 0, 0, 0, 0, 0, 0, 0, 0, 236, 0, 0, 0, 18, 21, 275
"c:\Users\omnora\OneDrive\Desktop\new_system\omnora-prime-v13\supabase\migrations\031_business_partners.sql", "MS SQL", 0, 0, 0, 0, 0, 0, 0, 0, 0, 0, 0, 0, 23, 0, 0, 0, 0, 4, 27
"c:\Users\omnora\OneDrive\Desktop\new_system\omnora-prime-v13\supabase\migrations\032_sentinel_storage.sql", "MS SQL", 0, 0, 0, 0, 0, 0, 0, 0, 0, 0, 0, 0, 62, 0, 0, 0, 11, 15, 88
"c:\Users\omnora\OneDrive\Desktop\new_system\omnora-prime-v13\supabase\migrations\033_fix_rls.sql", "MS SQL", 0, 0, 0, 0, 0, 0, 0, 0, 0, 0, 0, 0, 11, 0, 0, 0, 3, 5, 19
"c:\Users\omnora\OneDrive\Desktop\new_system\omnora-prime-v13\supabase\migrations\034_add_owner_name.sql", "MS SQL", 0, 0, 0, 0, 0, 0, 0, 0, 0, 0, 0, 0, 2, 0, 0, 0, 1, 1, 4
"c:\Users\omnora\OneDrive\Desktop\new_system\omnora-prime-v13\supabase\migrations\035_license_tracking.sql", "MS SQL", 0, 0, 0, 0, 0, 0, 0, 0, 0, 0, 0, 0, 4, 0, 0, 0, 1, 1, 6
"c:\Users\omnora\OneDrive\Desktop\new_system\omnora-prime-v13\supabase\migrations\036_license_system.sql", "MS SQL", 0, 0, 0, 0, 0, 0, 0, 0, 0, 0, 0, 0, 21, 0, 0, 0, 10, 11, 42
"c:\Users\omnora\OneDrive\Desktop\new_system\omnora-prime-v13\supabase\migrations\037_noxis_lens.sql", "MS SQL", 0, 0, 0, 0, 0, 0, 0, 0, 0, 0, 0, 0, 19, 0, 0, 0, 5, 6, 30
"c:\Users\omnora\OneDrive\Desktop\new_system\omnora-prime-v13\supabase\migrations\038_link_user_to_profile.sql", "MS SQL", 0, 0, 0, 0, 0, 0, 0, 0, 0, 0, 0, 0, 7, 0, 0, 0, 2, 2, 11
"c:\Users\omnora\OneDrive\Desktop\new_system\omnora-prime-v13\supabase\migrations\039_create_logos_bucket.sql", "MS SQL", 0, 0, 0, 0, 0, 0, 0, 0, 0, 0, 0, 0, 3, 0, 0, 0, 0, 1, 4
"c:\Users\omnora\OneDrive\Desktop\new_system\omnora-prime-v13\supabase\migrations\040_audit_trail.sql", "MS SQL", 0, 0, 0, 0, 0, 0, 0, 0, 0, 0, 0, 0, 76, 0, 0, 0, 7, 15, 98
"c:\Users\omnora\OneDrive\Desktop\new_system\omnora-prime-v13\supabase\migrations\041_enterprise_features.sql", "MS SQL", 0, 0, 0, 0, 0, 0, 0, 0, 0, 0, 0, 0, 95, 0, 0, 0, 18, 31, 144
"c:\Users\omnora\OneDrive\Desktop\new_system\omnora-prime-v13\supabase\migrations\042_international_infrastructure.sql", "MS SQL", 0, 0, 0, 0, 0, 0, 0, 0, 0, 0, 0, 0, 9, 0, 0, 0, 4, 5, 18
"c:\Users\omnora\OneDrive\Desktop\new_system\omnora-prime-v13\supabase\migrations\043_security_hardening_rls.sql", "MS SQL", 0, 0, 0, 0, 0, 0, 0, 0, 0, 0, 0, 0, 53, 0, 0, 0, 31, 24, 108
"c:\Users\omnora\OneDrive\Desktop\new_system\omnora-prime-v13\supabase\migrations\044_add_is_trial_to_licenses.sql", "MS SQL", 0, 0, 0, 0, 0, 0, 0, 0, 0, 0, 0, 0, 2, 0, 0, 0, 2, 2, 6
"c:\Users\omnora\OneDrive\Desktop\new_system\omnora-prime-v13\supabase\migrations\045_payment_promises.sql", "MS SQL", 0, 0, 0, 0, 0, 0, 0, 0, 0, 0, 0, 0, 85, 0, 0, 0, 8, 11, 104
"c:\Users\omnora\OneDrive\Desktop\new_system\omnora-prime-v13\supabase\migrations\046_factory_network.sql", "MS SQL", 0, 0, 0, 0, 0, 0, 0, 0, 0, 0, 0, 0, 100, 0, 0, 0, 25, 33, 158
"c:\Users\omnora\OneDrive\Desktop\new_system\omnora-prime-v13\supabase\migrations\047_international_signals.sql", "MS SQL", 0, 0, 0, 0, 0, 0, 0, 0, 0, 0, 0, 0, 6, 0, 0, 0, 1, 2, 9
"c:\Users\omnora\OneDrive\Desktop\new_system\omnora-prime-v13\supabase\migrations\048_intelligence_system.sql", "MS SQL", 0, 0, 0, 0, 0, 0, 0, 0, 0, 0, 0, 0, 146, 0, 0, 0, 8, 14, 168
"c:\Users\omnora\OneDrive\Desktop\new_system\omnora-prime-v13\supabase\migrations\049_embedded_finance.sql", "MS SQL", 0, 0, 0, 0, 0, 0, 0, 0, 0, 0, 0, 0, 61, 0, 0, 0, 7, 8, 76
"c:\Users\omnora\OneDrive\Desktop\new_system\omnora-prime-v13\supabase\migrations\050_worker_identity.sql", "MS SQL", 0, 0, 0, 0, 0, 0, 0, 0, 0, 0, 0, 0, 167, 0, 0, 0, 22, 31, 220
"c:\Users\omnora\OneDrive\Desktop\new_system\omnora-prime-v13\supabase\migrations\051_complete_sale_rpc.sql", "MS SQL", 0, 0, 0, 0, 0, 0, 0, 0, 0, 0, 0, 0, 371, 0, 0, 0, 19, 39, 429
"c:\Users\omnora\OneDrive\Desktop\new_system\omnora-prime-v13\supabase\migrations\051_fix_all_missing_rls.sql", "MS SQL", 0, 0, 0, 0, 0, 0, 0, 0, 0, 0, 0, 0, 170, 0, 0, 0, 13, 21, 204
"c:\Users\omnora\OneDrive\Desktop\new_system\omnora-prime-v13\supabase\migrations\052_complete_sale_hardening.sql", "MS SQL", 0, 0, 0, 0, 0, 0, 0, 0, 0, 0, 0, 0, 476, 0, 0, 0, 21, 50, 547
"c:\Users\omnora\OneDrive\Desktop\new_system\omnora-prime-v13\supabase\migrations\052_setup_wizard_fields.sql", "MS SQL", 0, 0, 0, 0, 0, 0, 0, 0, 0, 0, 0, 0, 6, 0, 0, 0, 0, 1, 7
"c:\Users\omnora\OneDrive\Desktop\new_system\omnora-prime-v13\supabase\migrations\053_enhanced_audit_logs.sql", "MS SQL", 0, 0, 0, 0, 0, 0, 0, 0, 0, 0, 0, 0, 19, 0, 0, 0, 4, 4, 27
"c:\Users\omnora\OneDrive\Desktop\new_system\omnora-prime-v13\supabase\migrations\054_workflow_automation.sql", "MS SQL", 0, 0, 0, 0, 0, 0, 0, 0, 0, 0, 0, 0, 45, 0, 0, 0, 4, 8, 57
"c:\Users\omnora\OneDrive\Desktop\new_system\omnora-prime-v13\supabase\migrations\055_cctv_cameras.sql", "MS SQL", 0, 0, 0, 0, 0, 0, 0, 0, 0, 0, 0, 0, 108, 0, 0, 0, 28, 36, 172
"c:\Users\omnora\OneDrive\Desktop\new_system\omnora-prime-v13\supabase\migrations\055_noxis_foresight.sql", "MS SQL", 0, 0, 0, 0, 0, 0, 0, 0, 0, 0, 0, 0, 55, 0, 0, 0, 2, 7, 64
"c:\Users\omnora\OneDrive\Desktop\new_system\omnora-prime-v13\supabase\migrations\056_party_wholesale_fields.sql", "MS SQL", 0, 0, 0, 0, 0, 0, 0, 0, 0, 0, 0, 0, 8, 0, 0, 0, 2, 3, 13
"c:\Users\omnora\OneDrive\Desktop\new_system\omnora-prime-v13\supabase\migrations\20240111000000_phase11_branches.sql", "MS SQL", 0, 0, 0, 0, 0, 0, 0, 0, 0, 0, 0, 0, 127, 0, 0, 0, 19, 21, 167
"c:\Users\omnora\OneDrive\Desktop\new_system\omnora-prime-v13\supabase\migrations\20240111000001_phase11_rls_branch_aware.sql", "MS SQL", 0, 0, 0, 0, 0, 0, 0, 0, 0, 0, 0, 0, 135, 0, 0, 0, 10, 11, 156
"c:\Users\omnora\OneDrive\Desktop\new_system\omnora-prime-v13\supabase\migrations\20240112000000_phase11_transfer_accounts.sql", "MS SQL", 0, 0, 0, 0, 0, 0, 0, 0, 0, 0, 0, 0, 13, 0, 0, 0, 4, 4, 21
"c:\Users\omnora\OneDrive\Desktop\new_system\omnora-prime-v13\supabase\migrations\20240112000000_phase12_client_portal.sql", "MS SQL", 0, 0, 0, 0, 0, 0, 0, 0, 0, 0, 0, 0, 162, 0, 0, 0, 15, 23, 200
"c:\Users\omnora\OneDrive\Desktop\new_system\omnora-prime-v13\supabase\migrations\20240113000000_phase11_transfer_functions.sql", "MS SQL", 0, 0, 0, 0, 0, 0, 0, 0, 0, 0, 0, 0, 149, 0, 0, 0, 34, 31, 214
"c:\Users\omnora\OneDrive\Desktop\new_system\omnora-prime-v13\supabase\migrations\20260606000000_add_voided_at_to_invoices.sql", "MS SQL", 0, 0, 0, 0, 0, 0, 0, 0, 0, 0, 0, 0, 4, 0, 0, 0, 2, 2, 8
"c:\Users\omnora\OneDrive\Desktop\new_system\omnora-prime-v13\supabase\migrations\20260611000000_add_audit_session_columns.sql", "MS SQL", 0, 0, 0, 0, 0, 0, 0, 0, 0, 0, 0, 0, 6, 0, 0, 0, 2, 2, 10
"c:\Users\omnora\OneDrive\Desktop\new_system\omnora-prime-v13\supabase\migrations\20260612000000_create_dispatch_orders.sql", "MS SQL", 0, 0, 0, 0, 0, 0, 0, 0, 0, 0, 0, 0, 19, 0, 0, 0, 3, 3, 25
"c:\Users\omnora\OneDrive\Desktop\new_system\omnora-prime-v13\supabase\migrations\20260612000001_update_licenses_schema.sql", "MS SQL", 0, 0, 0, 0, 0, 0, 0, 0, 0, 0, 0, 0, 14, 0, 0, 0, 1, 7, 22
"c:\Users\omnora\OneDrive\Desktop\new_system\omnora-prime-v13\supabase\migrations\20260612000002_admin_dashboard_rls.sql", "MS SQL", 0, 0, 0, 0, 0, 0, 0, 0, 0, 0, 0, 0, 17, 0, 0, 0, 10, 6, 33
"c:\Users\omnora\OneDrive\Desktop\new_system\omnora-prime-v13\supabase\migrations\20260613000000_add_onboarding_complete.sql", "MS SQL", 0, 0, 0, 0, 0, 0, 0, 0, 0, 0, 0, 0, 2, 0, 0, 0, 1, 1, 4
"c:\Users\omnora\OneDrive\Desktop\new_system\omnora-prime-v13\supabase\migrations\20260614000000_add_created_at_to_production_batches.sql", "MS SQL", 0, 0, 0, 0, 0, 0, 0, 0, 0, 0, 0, 0, 2, 0, 0, 0, 1, 1, 4
"c:\Users\omnora\OneDrive\Desktop\new_system\omnora-prime-v13\supabase\migrations\20260620000000_add_has_seen_first_action.sql", "MS SQL", 0, 0, 0, 0, 0, 0, 0, 0, 0, 0, 0, 0, 3, 0, 0, 0, 1, 1, 5
"c:\Users\omnora\OneDrive\Desktop\new_system\omnora-prime-v13\supabase\migrations\20260622000000_add_scalability_indexes.sql", "MS SQL", 0, 0, 0, 0, 0, 0, 0, 0, 0, 0, 0, 0, 22, 0, 0, 0, 2, 12, 36
"c:\Users\omnora\OneDrive\Desktop\new_system\omnora-prime-v13\supabase\migrations\20260714000000_branches_enterprise.sql", "MS SQL", 0, 0, 0, 0, 0, 0, 0, 0, 0, 0, 0, 0, 44, 0, 0, 0, 2, 9, 55
"c:\Users\omnora\OneDrive\Desktop\new_system\omnora-prime-v13\supabase\migrations\license_hardening.sql", "MS SQL", 0, 0, 0, 0, 0, 0, 0, 0, 0, 0, 0, 0, 26, 0, 0, 0, 4, 5, 35
"c:\Users\omnora\OneDrive\Desktop\new_system\omnora-prime-v13\tailwind.config.ts", "TypeScript", 0, 0, 0, 31, 0, 0, 0, 0, 0, 0, 0, 0, 0, 0, 0, 0, 0, 2, 33
"c:\Users\omnora\OneDrive\Desktop\new_system\omnora-prime-v13\tsconfig.json", "JSON with Comments", 0, 0, 0, 0, 0, 43, 0, 0, 0, 0, 0, 0, 0, 0, 0, 0, 0, 2, 45
"c:\Users\omnora\OneDrive\Desktop\new_system\omnora-prime-v13\vercel.json", "JSON", 0, 0, 8, 0, 0, 0, 0, 0, 0, 0, 0, 0, 0, 0, 0, 0, 0, 1, 9
"c:\Users\omnora\OneDrive\Desktop\new_system\omnora-prime-v13\vitest.config.ts", "TypeScript", 0, 0, 0, 45, 0, 0, 0, 0, 0, 0, 0, 0, 0, 0, 0, 0, 1, 2, 48
"c:\Users\omnora\OneDrive\Desktop\new_system\omnora-prime-v13\worker\index.js", "JavaScript", 0, 0, 0, 0, 0, 0, 22, 0, 0, 0, 0, 0, 0, 0, 0, 0, 0, 2, 24
"c:\Users\omnora\OneDrive\Desktop\new_system\package-lock.json", "JSON", 0, 0, 1566, 0, 0, 0, 0, 0, 0, 0, 0, 0, 0, 0, 0, 0, 0, 1, 1567
"c:\Users\omnora\OneDrive\Desktop\new_system\package.json", "JSON", 0, 0, 16, 0, 0, 0, 0, 0, 0, 0, 0, 0, 0, 0, 0, 0, 0, 1, 17
"Total", "-", 2764, 35, 29047, 38823, 366, 62, 2259, 3, 74, 166, 1825, 100436, 6532, 1022, 30, 61, 6236, 18261, 208002